{
  "preset_info": {
    "archive": "",
    "author": "Yeswanth S",
    "description": "",
    "email": "yeswanthshanmugam@gmail.com",
    "features": "MUSIC",
    "pflags": 0,
    "hash": null,
    "height": 1661,
    "id": "b9411389-8193-43e5-8916-2016496dcf89",
    "locked": false,
    "release": 378512316,
    "ts": 1748421984304,
    "title": "Berserk w1",
    "version": 13,
    "width": 764,
    "xscreens": 0,
    "yscreens": 0
  },
  "preset_root": {
    "internal_type": "RootLayerModule",
    "background_color": "#00FFFFFF",
    "config_scale_value": 99.6894,
    "globals_list": {
      "text": {
        "index": 1,
        "type": "COLOR",
        "title": "Text",
        "value": "#FFFFFFFF"
      },
      "accent": {
        "index": 2,
        "type": "COLOR",
        "title": "Accent",
        "value": "#FFF01005"
      }
    },
    "internal_events": [
      {
        "type": "SINGLE_TAP",
        "action": "KUSTOM_ACTION"
      }
    ],
    "viewgroup_items": [
      {
        "internal_type": "OverlapLayerModule",
        "config_scale_value": 95.0,
        "position_anchor": "TOP",
        "position_offset_y": 49.0,
        "viewgroup_items": [
          {
            "internal_type": "ShapeModule",
            "shape_type": "RECT",
            "shape_width": 520.0,
            "shape_height": 325.0,
            "shape_corners": 30.0,
            "fx_shadow": "OUTER",
            "fx_shadow_direction": 0,
            "fx_shadow_distance": 0.0,
            "internal_toggles": {
              "paint_color": 100
            },
            "internal_globals": {
              "paint_color": "text"
            }
          },
          {
            "internal_type": "ShapeModule",
            "shape_type": "RECT",
            "shape_width": 522.0,
            "shape_height": 327.0,
            "shape_corners": 30.0,
            "fx_shadow_direction": 0,
            "fx_shadow_distance": 0.0,
            "fx_gradient": "BITMAP",
            "fx_gradient_bitmap": "kfile://org.kustom.provider/bitmaps/IMGeb2e43f3ad9161c84603c3edb32c7b84",
            "fx_bitmap_dim": 45,
            "internal_toggles": {
              "paint_color": 100
            },
            "internal_globals": {
              "paint_color": "text"
            }
          },
          {
            "internal_type": "OverlapLayerModule",
            "config_scale_value": 75.0,
            "config_alpha": 70.0,
            "viewgroup_items": [
              {
                "internal_type": "CurvedTextModule",
                "text_expression": "Today is",
                "text_size": 60.0,
                "text_spacing": 5.0,
                "text_filter": [
                  "UP"
                ],
                "text_family": "kfile://org.kustom.provider/fonts/ScorchedEarthDEMO-Kcfonts.otf",
                "position_padding_bottom": 125.0,
                "internal_toggles": {
                  "paint_color": 100
                },
                "internal_globals": {
                  "paint_color": "text"
                }
              },
              {
                "internal_type": "OverlapLayerModule",
                "viewgroup_items": [
                  {
                    "internal_type": "CurvedTextModule",
                    "text_expression": "$df(EEEE)$",
                    "text_size": 60.0,
                    "text_spacing": 5.0,
                    "text_family": "kfile://org.kustom.provider/fonts/ScorchedEarthDEMO-Kcfonts.otf",
                    "text_width": 450.0,
                    "text_filter": [
                      "UP"
                    ],
                    "text_mode": "JUSTIFY",
                    "internal_toggles": {
                      "paint_color": 100
                    },
                    "internal_globals": {
                      "paint_color": "text"
                    }
                  }
                ]
              },
              {
                "internal_type": "CurvedTextModule",
                "text_expression": "of $df(MMM)$.",
                "text_size": 60.0,
                "text_spacing": 5.0,
                "text_filter": [
                  "UP"
                ],
                "text_family": "kfile://org.kustom.provider/fonts/ScorchedEarthDEMO-Kcfonts.otf",
                "position_padding_top": 125.0,
                "internal_toggles": {
                  "paint_color": 100
                },
                "internal_globals": {
                  "paint_color": "text"
                }
              },
              {
                "internal_type": "CurvedTextModule",
                "position_padding_top": 225.0,
                "text_expression": "#$df(dd)$/$df(yyyy)$",
                "text_size": 25.0,
                "text_spacing": 5.0,
                "text_family": "kfile://org.kustom.provider/fonts/ScorchedEarthDEMO-Kcfonts.otf",
                "internal_toggles": {
                  "paint_color": 100
                },
                "internal_globals": {
                  "paint_color": "text"
                }
              },
              {
                "internal_type": "CurvedTextModule",
                "position_padding_top": 300.0,
                "text_expression": "$df(hh:mm a)$",
                "text_spacing": 5.0,
                "text_family": "kfile://org.kustom.provider/fonts/28 Days Later.ttf",
                "internal_toggles": {
                  "paint_color": 100
                },
                "internal_globals": {
                  "paint_color": "text"
                }
              }
            ]
          }
        ]
      },
      {
        "internal_type": "OverlapLayerModule",
        "position_offset_x": -180.0,
        "position_offset_y": -19.0,
        "internal_events": [
          {
            "type": "SINGLE_TAP",
            "action": "LAUNCH_SHORTCUT",
            "intent": "intent:#Intent;action=com.teslacoilsw.launcher.ACTION;launchFlags=0x10000000;component=com.teslacoilsw.launcher/.NovaShortcutHandler;S.LAUNCHER_ACTION=APP_DRAWER;S.org.kustom.intent.label=Nova%20action;end"
          }
        ],
        "viewgroup_items": [
          {
            "internal_type": "OverlapLayerModule",
            "config_scale_value": 110.0,
            "viewgroup_items": [
              {
                "internal_type": "ShapeModule",
                "shape_width": 120.0,
                "shape_corners": 26,
                "paint_color": "#FF000000",
                "fx_shadow": "OUTER",
                "fx_shadow_direction": 0,
                "fx_shadow_distance": 0,
                "shape_type": "RECT",
                "shape_height": 180.0
              },
              {
                "internal_type": "BitmapModule",
                "bitmap_bitmap": "kfile://org.kustom.provider/bitmaps/IMG8087df5a062bac88094acede2132d66b",
                "bitmap_rotate": 5,
                "bitmap_width": 75.0
              }
            ]
          }
        ]
      },
      {
        "internal_type": "OverlapLayerModule",
        "position_offset_x": 75.0,
        "position_offset_y": -19.0,
        "internal_events": [
          {
            "type": "SINGLE_TAP",
            "action": "MUSIC",
            "intent": "intent:#Intent;action=android.intent.action.MAIN;category=android.intent.category.LAUNCHER;component=com.spotify.music/.MainActivity;S.org.kustom.intent.label=Spotify;end",
            "music_action": "OPEN_APP"
          }
        ],
        "viewgroup_items": [
          {
            "internal_type": "OverlapLayerModule",
            "config_scale_value": 110.0,
            "viewgroup_items": [
              {
                "internal_type": "ShapeModule",
                "shape_width": 300.0,
                "shape_corners": 20.0,
                "paint_color": "#FF000000",
                "fx_shadow": "OUTER",
                "fx_shadow_direction": 0,
                "fx_shadow_distance": 0,
                "shape_type": "RECT",
                "shape_height": 179.0,
                "internal_toggles": {
                  "paint_color": 100
                },
                "internal_globals": {
                  "paint_color": "text"
                }
              },
              {
                "internal_type": "ShapeModule",
                "shape_type": "RECT",
                "shape_width": 301.0,
                "shape_height": 180.0,
                "shape_corners": 20.0,
                "fx_shadow_color": "#80000000",
                "fx_shadow_direction": 280.0,
                "fx_shadow_distance": 3.0,
                "internal_title": "Shape",
                "internal_toggles": {
                  "fx_gradient_bitmap": 10,
                  "paint_color": 100
                },
                "internal_formulas": {
                  "fx_gradient_bitmap": "$mi(cover)$"
                },
                "fx_gradient": "BITMAP",
                "fx_bitmap_filter_color": "#FF00FF7A",
                "fx_bitmap_blur": 3.0,
                "paint_color": "#FF000000",
                "fx_bitmap_dim": 20,
                "internal_globals": {
                  "paint_color": "text"
                }
              },
              {
                "internal_type": "StackLayerModule",
                "config_stacking": "HORIZONTAL_CENTER",
                "config_margin": 15.0,
                "position_padding_top": 100.0,
                "viewgroup_items": [
                  {
                    "internal_type": "OverlapLayerModule",
                    "internal_events": [
                      {
                        "type": "SINGLE_TAP",
                        "action": "MUSIC",
                        "music_action": "PREVIOUS"
                      }
                    ],
                    "viewgroup_items": [
                      {
                        "internal_type": "FontIconModule",
                        "icon_icon": "chevron-left",
                        "icon_size": 25.0,
                        "icon_set": "kfile://org.kustom.provider/icons/entypo.ttf",
                        "internal_toggles": {
                          "paint_color": 100
                        },
                        "internal_globals": {
                          "paint_color": "text"
                        }
                      }
                    ]
                  },
                  {
                    "internal_type": "OverlapLayerModule",
                    "internal_events": [
                      {
                        "type": "SINGLE_TAP",
                        "action": "MUSIC"
                      }
                    ],
                    "viewgroup_items": [
                      {
                        "internal_type": "OverlapLayerModule",
                        "internal_toggles": {
                          "config_visible": 10
                        },
                        "internal_formulas": {
                          "config_visible": "$if(mi(state) = playing, REMOVE, ALWAYS)$"
                        },
                        "internal_events": [
                          {
                            "type": "SINGLE_TAP",
                            "action": "NONE"
                          }
                        ],
                        "viewgroup_items": [
                          {
                            "internal_type": "FontIconModule",
                            "icon_size": 25.0,
                            "icon_icon": "controller-play",
                            "icon_set": "kfile://org.kustom.provider/icons/entypo.ttf",
                            "internal_toggles": {
                              "paint_color": 100
                            },
                            "internal_globals": {
                              "paint_color": "text"
                            }
                          }
                        ]
                      },
                      {
                        "internal_type": "OverlapLayerModule",
                        "internal_toggles": {
                          "config_visible": 10
                        },
                        "internal_formulas": {
                          "config_visible": "$if(mi(state) = playing, ALWAYS, REMOVE)$"
                        },
                        "viewgroup_items": [
                          {
                            "internal_type": "FontIconModule",
                            "icon_size": 25.0,
                            "icon_icon": "controller-paus",
                            "icon_set": "kfile://org.kustom.provider/icons/entypo.ttf",
                            "internal_toggles": {
                              "paint_color": 100
                            },
                            "internal_globals": {
                              "paint_color": "text"
                            }
                          }
                        ]
                      }
                    ]
                  },
                  {
                    "internal_type": "OverlapLayerModule",
                    "internal_events": [
                      {
                        "type": "SINGLE_TAP",
                        "action": "MUSIC",
                        "music_action": "NEXT"
                      }
                    ],
                    "viewgroup_items": [
                      {
                        "internal_type": "FontIconModule",
                        "icon_icon": "chevron-right",
                        "icon_size": 25.0,
                        "icon_set": "kfile://org.kustom.provider/icons/entypo.ttf",
                        "internal_toggles": {
                          "paint_color": 100
                        },
                        "internal_globals": {
                          "paint_color": "text"
                        }
                      }
                    ]
                  }
                ]
              },
              {
                "internal_type": "OverlapLayerModule",
                "config_scale_value": 95.0,
                "viewgroup_items": [
                  {
                    "internal_type": "TextModule",
                    "text_expression": "$mi(title)$",
                    "text_size_type": "FIXED_WIDTH",
                    "text_lines": 1.0,
                    "text_align": "CENTER",
                    "text_family": "kfile://org.kustom.provider/fonts/Odin Rounded - Bold.otf",
                    "text_filter": [
                      "UP"
                    ],
                    "text_width": 220.0,
                    "text_size": 18.0,
                    "position_padding_bottom": 50.0,
                    "internal_toggles": {
                      "paint_color": 100
                    },
                    "internal_globals": {
                      "paint_color": "text"
                    }
                  },
                  {
                    "internal_type": "TextModule",
                    "text_expression": "$mi(artist)$",
                    "text_size_type": "FIXED_WIDTH",
                    "text_lines": 1.0,
                    "text_align": "CENTER",
                    "text_family": "kfile://org.kustom.provider/fonts/Odin Rounded - Bold.otf",
                    "text_filter": [
                      "UP"
                    ],
                    "text_width": 220.0,
                    "text_size": 18.0,
                    "internal_toggles": {
                      "paint_color": 100
                    },
                    "internal_globals": {
                      "paint_color": "text"
                    }
                  }
                ]
              }
            ]
          }
        ]
      },
      {
        "internal_type": "OverlapLayerModule",
        "position_offset_y": 165.0,
        "internal_events": [
          {
            "type": "SINGLE_TAP",
            "action": "LAUNCH_SHORTCUT",
            "intent": "intent:#Intent;action=com.teslacoilsw.launcher.ACTION;launchFlags=0x10000000;component=com.teslacoilsw.launcher/.NovaShortcutHandler;S.LAUNCHER_ACTION=APP_SEARCH;S.org.kustom.intent.label=Nova%20action;end"
          }
        ],
        "viewgroup_items": [
          {
            "internal_type": "OverlapLayerModule",
            "viewgroup_items": [
              {
                "internal_type": "ShapeModule",
                "shape_type": "RECT",
                "shape_width": 480.0,
                "shape_height": 60.0,
                "shape_corners": 360,
                "paint_color": "#FF000000",
                "fx_shadow": "OUTER",
                "fx_shadow_direction": 0,
                "fx_shadow_distance": 0
              },
              {
                "internal_type": "ShapeModule",
                "shape_type": "RECT",
                "shape_width": 480.0,
                "shape_height": 60.0,
                "shape_corners": 360,
                "paint_color": "#FF000000",
                "fx_shadow_direction": 0,
                "fx_shadow_distance": 0,
                "internal_toggles": {
                  "fx_gradient": 0
                },
                "fx_gradient": "BITMAP",
                "fx_gradient_bitmap": "kfile://org.kustom.provider/bitmaps/IMG543c9bf730757ff37b24d3284739be97",
                "fx_bitmap_dim": 70.0
              },
              {
                "internal_type": "CurvedTextModule",
                "internal_toggles": {
                  "paint_color": 0
                },
                "internal_globals": {
                  "paint_color": "font1"
                },
                "position_padding_right": 200.0,
                "text_expression": "Search here",
                "text_size": 15.0,
                "text_spacing": 10.0,
                "text_filter": [
                  "UP"
                ],
                "text_family": "kfile://org.kustom.provider/fonts/Dancetech.otf",
                "position_padding_left": 25.0
              },
              {
                "internal_type": "FontIconModule",
                "icon_set": "kfile://org.kustom.provider/icons/fontawesome.ttf",
                "icon_icon": "search",
                "icon_size": 20.0,
                "position_padding_left": 375.0
              }
            ]
          }
        ]
      },
      {
        "internal_type": "OverlapLayerModule",
        "position_offset_y": 400.0,
        "viewgroup_items": [
          {
            "internal_type": "ShapeModule",
            "shape_type": "RECT",
            "shape_width": 500.0,
            "shape_height": 265.0,
            "shape_corners": 30.0,
            "fx_shadow": "OUTER",
            "fx_shadow_direction": 0,
            "fx_shadow_distance": 0.0,
            "paint_color": "#FF000000"
          },
          {
            "internal_type": "StackLayerModule",
            "config_stacking": "HORIZONTAL_TOP",
            "config_margin": 40.0,
            "config_scale_value": 75.0,
            "position_padding_bottom": 100.0,
            "viewgroup_items": [
              {
                "internal_type": "OverlapLayerModule",
                "internal_events": [
                  {
                    "type": "SINGLE_TAP",
                    "action": "LAUNCH_APP",
                    "intent": "intent:#Intent;action=android.intent.action.MAIN;category=android.intent.category.LAUNCHER;component=com.whatsapp/.Main;S.org.kustom.intent.label=WhatsApp;end"
                  }
                ],
                "viewgroup_items": [
                  {
                    "internal_type": "ShapeModule",
                    "shape_width": 80.0,
                    "paint_color": "#FF000000",
                    "internal_toggles": {
                      "paint_color": 100
                    },
                    "internal_globals": {
                      "paint_color": "text"
                    },
                    "shape_type": "SQUIRCLE",
                    "shape_corners": 29
                  },
                  {
                    "internal_type": "FontIconModule",
                    "internal_toggles": {
                      "paint_color": 100
                    },
                    "internal_globals": {
                      "paint_color": "accent"
                    },
                    "icon_set": "kfile://org.kustom.provider/icons/fontawesome.ttf",
                    "icon_icon": "whatsapp",
                    "icon_size": 45.0,
                    "paint_color": "#96FFFFFF",
                    "position_padding_left": 10.0
                  }
                ]
              },
              {
                "internal_type": "OverlapLayerModule",
                "internal_events": [
                  {
                    "type": "SINGLE_TAP",
                    "action": "LAUNCH_APP",
                    "intent": "intent:#Intent;action=android.intent.action.MAIN;category=android.intent.category.LAUNCHER;component=com.google.android.youtube/.app.honeycomb.Shell%24HomeActivity;S.org.kustom.intent.label=YouTube;end"
                  }
                ],
                "viewgroup_items": [
                  {
                    "internal_type": "ShapeModule",
                    "shape_width": 80.0,
                    "paint_color": "#FF000000",
                    "internal_toggles": {
                      "paint_color": 100
                    },
                    "internal_globals": {
                      "paint_color": "text"
                    },
                    "shape_type": "SQUIRCLE",
                    "shape_corners": 29
                  },
                  {
                    "internal_type": "FontIconModule",
                    "internal_toggles": {
                      "paint_color": 100
                    },
                    "internal_globals": {
                      "paint_color": "accent"
                    },
                    "icon_set": "kfile://org.kustom.provider/widgets/Berserk_w1.kwgt/icons/fontawesome.ttf",
                    "icon_icon": "youtube-play",
                    "icon_size": 45.0,
                    "paint_color": "#96FFFFFF"
                  }
                ]
              },
              {
                "internal_type": "OverlapLayerModule",
                "internal_events": [
                  {
                    "type": "SINGLE_TAP",
                    "action": "LAUNCH_APP",
                    "intent": "intent:#Intent;action=android.intent.action.MAIN;category=android.intent.category.LAUNCHER;component=io.github.forkmaintainers.iceraven/.App;S.org.kustom.intent.label=Iceraven;end"
                  }
                ],
                "viewgroup_items": [
                  {
                    "internal_type": "ShapeModule",
                    "shape_width": 80.0,
                    "paint_color": "#FF000000",
                    "internal_toggles": {
                      "paint_color": 100
                    },
                    "internal_globals": {
                      "paint_color": "text"
                    },
                    "shape_type": "SQUIRCLE",
                    "shape_corners": 29
                  },
                  {
                    "internal_type": "FontIconModule",
                    "internal_toggles": {
                      "paint_color": 100
                    },
                    "internal_globals": {
                      "paint_color": "accent"
                    },
                    "icon_set": "kfile://org.kustom.provider/widgets/Berserk_w1.kwgt/icons/fontawesome.ttf",
                    "icon_icon": "firefox",
                    "icon_size": 45.0,
                    "paint_color": "#96FFFFFF"
                  }
                ]
              },
              {
                "internal_type": "OverlapLayerModule",
                "internal_events": [
                  {
                    "type": "SINGLE_TAP",
                    "action": "LAUNCH_APP",
                    "intent": "intent:#Intent;action=android.intent.action.MAIN;category=android.intent.category.LAUNCHER;component=com.sh.smart.caller/com.android.dialer.main.impl.MainActivity;S.org.kustom.intent.label=Phone;end"
                  }
                ],
                "viewgroup_items": [
                  {
                    "internal_type": "ShapeModule",
                    "shape_width": 80.0,
                    "paint_color": "#FF000000",
                    "internal_toggles": {
                      "paint_color": 100
                    },
                    "internal_globals": {
                      "paint_color": "text"
                    },
                    "shape_type": "SQUIRCLE",
                    "shape_corners": 29
                  },
                  {
                    "internal_type": "FontIconModule",
                    "internal_toggles": {
                      "paint_color": 100
                    },
                    "internal_globals": {
                      "paint_color": "accent"
                    },
                    "icon_set": "kfile://org.kustom.provider/widgets/Berserk_w1.kwgt/icons/fontawesome.ttf",
                    "icon_icon": "phone",
                    "icon_size": 45.0,
                    "paint_color": "#96FFFFFF",
                    "position_padding_left": 5.0
                  }
                ]
              },
              {
                "internal_type": "OverlapLayerModule",
                "internal_events": [
                  {
                    "type": "SINGLE_TAP",
                    "action": "LAUNCH_APP",
                    "intent": "intent:#Intent;action=android.intent.action.MAIN;category=android.intent.category.LAUNCHER;component=com.metrolist.music/.MainActivity;S.org.kustom.intent.label=Metrolist;end"
                  }
                ],
                "viewgroup_items": [
                  {
                    "internal_type": "ShapeModule",
                    "shape_width": 80.0,
                    "paint_color": "#FF000000",
                    "internal_toggles": {
                      "paint_color": 100
                    },
                    "internal_globals": {
                      "paint_color": "text"
                    },
                    "shape_type": "SQUIRCLE",
                    "shape_corners": 29
                  },
                  {
                    "internal_type": "FontIconModule",
                    "internal_toggles": {
                      "paint_color": 100
                    },
                    "internal_globals": {
                      "paint_color": "accent"
                    },
                    "icon_set": "kfile://org.kustom.provider/widgets/Berserk_w1.kwgt/icons/fontawesome.ttf",
                    "icon_icon": "spotify",
                    "icon_size": 45.0,
                    "paint_color": "#96FFFFFF",
                    "position_padding_left": 10.0
                  }
                ]
              }
            ]
          },
          {
            "internal_type": "StackLayerModule",
            "config_stacking": "HORIZONTAL_TOP",
            "config_margin": 40.0,
            "config_scale_value": 75.0,
            "position_padding_top": 100.0,
            "viewgroup_items": [
              {
                "internal_type": "OverlapLayerModule",
                "internal_events": [
                  {
                    "type": "SINGLE_TAP",
                    "action": "LAUNCH_APP",
                    "intent": "intent:#Intent;action=android.intent.action.MAIN;category=android.intent.category.LAUNCHER;component=com.android.camera/.Camera;S.org.kustom.intent.label=Camera;end"
                  }
                ],
                "viewgroup_items": [
                  {
                    "internal_type": "ShapeModule",
                    "shape_width": 80.0,
                    "paint_color": "#FF000000",
                    "internal_toggles": {
                      "paint_color": 100
                    },
                    "internal_globals": {
                      "paint_color": "text"
                    },
                    "shape_type": "SQUIRCLE",
                    "shape_corners": 29
                  },
                  {
                    "internal_type": "FontIconModule",
                    "internal_toggles": {
                      "paint_color": 100
                    },
                    "internal_globals": {
                      "paint_color": "accent"
                    },
                    "icon_set": "kfile://org.kustom.provider/widgets/Berserk_w1.kwgt/icons/fontawesome.ttf",
                    "icon_icon": "camera",
                    "icon_size": 45.0,
                    "paint_color": "#96FFFFFF"
                  }
                ]
              },
              {
                "internal_type": "OverlapLayerModule",
                "internal_events": [
                  {
                    "type": "SINGLE_TAP",
                    "action": "LAUNCH_APP",
                    "intent": "intent:#Intent;action=android.intent.action.MAIN;category=android.intent.category.LAUNCHER;component=org.thunderdog.challegram/.MainActivity;S.org.kustom.intent.label=Telegram%20X;end"
                  }
                ],
                "viewgroup_items": [
                  {
                    "internal_type": "ShapeModule",
                    "shape_width": 80.0,
                    "paint_color": "#FF000000",
                    "internal_toggles": {
                      "paint_color": 100
                    },
                    "internal_globals": {
                      "paint_color": "text"
                    },
                    "shape_type": "SQUIRCLE",
                    "shape_corners": 29
                  },
                  {
                    "internal_type": "FontIconModule",
                    "internal_toggles": {
                      "paint_color": 100
                    },
                    "internal_globals": {
                      "paint_color": "accent"
                    },
                    "icon_set": "kfile://org.kustom.provider/icons/fontawesome.ttf",
                    "icon_icon": "telegram",
                    "icon_size": 45.0,
                    "paint_color": "#96FFFFFF"
                  }
                ]
              },
              {
                "internal_type": "OverlapLayerModule",
                "internal_events": [
                  {
                    "type": "SINGLE_TAP",
                    "action": "LAUNCH_APP",
                    "intent": "intent:#Intent;action=android.intent.action.MAIN;category=android.intent.category.LAUNCHER;component=com.google.android.gm/.ConversationListActivityGmail;S.org.kustom.intent.label=Gmail;end"
                  }
                ],
                "viewgroup_items": [
                  {
                    "internal_type": "ShapeModule",
                    "shape_width": 80.0,
                    "paint_color": "#FF000000",
                    "internal_toggles": {
                      "paint_color": 100
                    },
                    "internal_globals": {
                      "paint_color": "text"
                    },
                    "shape_type": "SQUIRCLE",
                    "shape_corners": 29
                  },
                  {
                    "internal_type": "FontIconModule",
                    "internal_toggles": {
                      "paint_color": 100
                    },
                    "internal_globals": {
                      "paint_color": "accent"
                    },
                    "icon_set": "kfile://org.kustom.provider/icons/fontawesome.ttf",
                    "icon_icon": "envelope",
                    "icon_size": 45.0,
                    "paint_color": "#96FFFFFF"
                  }
                ]
              },
              {
                "internal_type": "OverlapLayerModule",
                "internal_events": [
                  {
                    "type": "SINGLE_TAP",
                    "action": "LAUNCH_APP",
                    "intent": "intent:#Intent;action=android.intent.action.MAIN;category=android.intent.category.LAUNCHER;component=ml.docilealligator.infinityforreddit/.activities.MainActivity;S.org.kustom.intent.label=Infinity;end"
                  }
                ],
                "viewgroup_items": [
                  {
                    "internal_type": "ShapeModule",
                    "shape_width": 80.0,
                    "paint_color": "#FF000000",
                    "internal_toggles": {
                      "paint_color": 100
                    },
                    "internal_globals": {
                      "paint_color": "text"
                    },
                    "shape_type": "SQUIRCLE",
                    "shape_corners": 29
                  },
                  {
                    "internal_type": "FontIconModule",
                    "internal_toggles": {
                      "paint_color": 100
                    },
                    "internal_globals": {
                      "paint_color": "accent"
                    },
                    "icon_set": "kfile://org.kustom.provider/icons/fontawesome.ttf",
                    "icon_icon": "reddit",
                    "icon_size": 45.0,
                    "paint_color": "#96FFFFFF"
                  }
                ]
              },
              {
                "internal_type": "OverlapLayerModule",
                "internal_events": [
                  {
                    "type": "SINGLE_TAP",
                    "action": "LAUNCH_APP",
                    "intent": "intent:#Intent;action=android.intent.action.MAIN;category=android.intent.category.LAUNCHER;component=com.android.documentsui/.LauncherActivity;S.org.kustom.intent.label=Files;end"
                  }
                ],
                "viewgroup_items": [
                  {
                    "internal_type": "ShapeModule",
                    "shape_width": 80.0,
                    "paint_color": "#FF000000",
                    "internal_toggles": {
                      "paint_color": 100
                    },
                    "internal_globals": {
                      "paint_color": "text"
                    },
                    "shape_type": "SQUIRCLE",
                    "shape_corners": 29
                  },
                  {
                    "internal_type": "FontIconModule",
                    "internal_toggles": {
                      "paint_color": 100
                    },
                    "internal_globals": {
                      "paint_color": "accent"
                    },
                    "icon_set": "kfile://org.kustom.provider/widgets/Berserk_w1.kwgt/icons/fontawesome.ttf",
                    "icon_icon": "folder",
                    "icon_size": 45.0,
                    "paint_color": "#96FFFFFF"
                  }
                ]
              }
            ]
          }
        ]
      }
    ]
  }
}