{
  "preset_info": {
    "archive": "",
    "author": "Yeswanth S ",
    "description": "",
    "email": "yeswanthshanmugam@gmail.com",
    "features": "MUSIC",
    "pflags": 0,
    "hash": null,
    "height": 460,
    "id": "a79f148d-4b66-444e-bc37-5310bcfc9a12",
    "locked": false,
    "release": 378512316,
    "ts": 1748291460093,
    "title": "Cyber w3",
    "version": 13,
    "width": 1040,
    "xscreens": 0,
    "yscreens": 0
  },
  "preset_root": {
    "internal_type": "RootLayerModule",
    "globals_list": {
      "c1": {
        "index": 1,
        "type": "COLOR",
        "title": "C1",
        "value": "#FFFCF632"
      },
      "c2": {
        "index": 2,
        "type": "COLOR",
        "title": "C2",
        "value": "#FFF0EFFF"
      },
      "bg": {
        "index": 3,
        "type": "COLOR",
        "title": "Bg",
        "value": "#FF000000"
      }
    },
    "internal_events": [
      {
        "type": "SINGLE_TAP",
        "action": "KUSTOM_ACTION"
      }
    ],
    "viewgroup_items": [
      {
        "internal_type": "OverlapLayerModule",
        "viewgroup_items": [
          {
            "internal_type": "OverlapLayerModule",
            "viewgroup_items": [
              {
                "internal_type": "ShapeModule",
                "shape_type": "PATH",
                "shape_width": 600.0,
                "shape_height": 600.0,
                "shape_path": "M 20 10 L 380 10 L 390 20 L 390 130 L 380 140 L 20 140 L 10 130 L 10 20 Z",
                "paint_style": "STROKE",
                "paint_stroke": 3.0,
                "fx_gradient_color": "#FFFD47BC",
                "fx_gradient_width": 6.0,
                "fx_gradient_offset": 67,
                "position_padding_top": 370.0,
                "internal_toggles": {
                  "paint_color": 0,
                  "fx_gradient_color": 100
                },
                "internal_globals": {
                  "paint_color": "c1",
                  "fx_gradient_color": "c2"
                }
              },
              {
                "internal_type": "ProgressModule",
                "internal_toggles": {
                  "color_fgcolor": 100,
                  "color_bgcolor": 100
                },
                "internal_globals": {
                  "color_fgcolor": "c1",
                  "color_bgcolor": "c2"
                },
                "progress_progress": "MUSIC",
                "color_mode": "MULTIPLY",
                "style_size": 594.0,
                "style_height": 212.0,
                "position_padding_left": 15.0
              }
            ]
          },
          {
            "internal_type": "OverlapLayerModule",
            "viewgroup_items": [
              {
                "internal_type": "OverlapLayerModule",
                "position_padding_top": 25.0,
                "position_padding_right": 25.0,
                "internal_events": [
                  {
                    "type": "SINGLE_TAP",
                    "action": "NONE"
                  }
                ],
                "viewgroup_items": [
                  {
                    "internal_type": "ShapeModule",
                    "shape_type": "PATH",
                    "shape_width": 220.0,
                    "shape_height": 300.0,
                    "shape_path": "M7 50a2 2 0 1 0-4 0 2 2 0 1 0 4 0m6 0a2 2 0 1 0-4 0 2 2 0 1 0 4 0m4-2a1.5 1.5 0 0 1 3 0v4a1.5 1.5 0 0 1-3 0zm6-2a1.5 1.5 0 0 1 3 0v8a1.5 1.5 0 0 1-3 0zm6-3a1.5 1.5 0 0 1 3 0v14a1.5 1.5 0 0 1-3 0zm6-3a1.5 1.5 0 0 1 3 0v20a1.5 1.5 0 0 1-3 0zm6-4a1.5 1.5 0 0 1 3 0v28a1.5 1.5 0 0 1-3 0zm6-3a1.5 1.5 0 0 1 3 0v34a1.5 1.5 0 0 1-3 0zm6 3a1.5 1.5 0 0 1 3 0v28a1.5 1.5 0 0 1-3 0zm6 4a1.5 1.5 0 0 1 3 0v20a1.5 1.5 0 0 1-3 0zm6 3a1.5 1.5 0 0 1 3 0v14a1.5 1.5 0 0 1-3 0zm6 5a1.5 1.5 0 0 1 3 0v4a1.5 1.5 0 0 1-3 0zm6-4a1.5 1.5 0 0 1 3 0v12a1.5 1.5 0 0 1-3 0zm6 2a1.5 1.5 0 0 1 3 0v8a1.5 1.5 0 0 1-3 0zm6 2a1.5 1.5 0 0 1 3 0v4a1.5 1.5 0 0 1-3 0zm6-1a1.5 1.5 0 0 1 3 0v6a1.5 1.5 0 0 1-3 0zm6-5a1.5 1.5 0 0 1 3 0v16a1.5 1.5 0 0 1-3 0zm6-4a1.5 1.5 0 0 1 3 0v24a1.5 1.5 0 0 1-3 0zm6 5a1.5 1.5 0 0 1 3 0v14a1.5 1.5 0 0 1-3 0zm6 3a1.5 1.5 0 0 1 3 0v8a1.5 1.5 0 0 1-3 0zm6 2a1.5 1.5 0 0 1 3 0v4a1.5 1.5 0 0 1-3 0zm4 2a2 2 0 1 0 4 0 2 2 0 1 0-4 0m6 0a2 2 0 1 0 4 0 2 2 0 1 0-4 0m8-2a1.5 1.5 0 0 1 1.5-1.5A1.5 1.5 0 0 1 146 48v4a1.5 1.5 0 0 1-1.5 1.5A1.5 1.5 0 0 1 143 52zm6-2a1.5 1.5 0 0 1 1.5-1.5A1.5 1.5 0 0 1 152 46v8a1.5 1.5 0 0 1-1.5 1.5A1.5 1.5 0 0 1 149 54zm6-3a1.5 1.5 0 0 1 1.5-1.5A1.5 1.5 0 0 1 158 43v14a1.5 1.5 0 0 1-1.5 1.5A1.5 1.5 0 0 1 155 57zm6-3a1.5 1.5 0 0 1 1.5-1.5A1.5 1.5 0 0 1 164 40v20a1.5 1.5 0 0 1-1.5 1.5A1.5 1.5 0 0 1 161 60zm6-4a1.5 1.5 0 0 1 1.5-1.5A1.5 1.5 0 0 1 170 36v28a1.5 1.5 0 0 1-1.5 1.5A1.5 1.5 0 0 1 167 64zm6-3a1.5 1.5 0 0 1 1.5-1.5A1.5 1.5 0 0 1 176 33v34a1.5 1.5 0 0 1-1.5 1.5A1.5 1.5 0 0 1 173 67zm6 3a1.5 1.5 0 0 1 1.5-1.5A1.5 1.5 0 0 1 182 36v28a1.5 1.5 0 0 1-1.5 1.5A1.5 1.5 0 0 1 179 64zm6 4a1.5 1.5 0 0 1 1.5-1.5A1.5 1.5 0 0 1 188 40v20a1.5 1.5 0 0 1-1.5 1.5A1.5 1.5 0 0 1 185 60zm6 3a1.5 1.5 0 0 1 1.5-1.5A1.5 1.5 0 0 1 194 43v14a1.5 1.5 0 0 1-1.5 1.5A1.5 1.5 0 0 1 191 57zm6 5a1.5 1.5 0 0 1 1.5-1.5A1.5 1.5 0 0 1 200 48v4a1.5 1.5 0 0 1-1.5 1.5A1.5 1.5 0 0 1 197 52zm6-4a1.5 1.5 0 0 1 1.5-1.5A1.5 1.5 0 0 1 206 44v12a1.5 1.5 0 0 1-1.5 1.5A1.5 1.5 0 0 1 203 56zm6 2a1.5 1.5 0 0 1 1.5-1.5A1.5 1.5 0 0 1 212 46v8a1.5 1.5 0 0 1-1.5 1.5A1.5 1.5 0 0 1 209 54zm6 2a1.5 1.5 0 0 1 1.5-1.5A1.5 1.5 0 0 1 218 48v4a1.5 1.5 0 0 1-1.5 1.5A1.5 1.5 0 0 1 215 52zm6-1a1.5 1.5 0 0 1 1.5-1.5A1.5 1.5 0 0 1 224 47v6a1.5 1.5 0 0 1-1.5 1.5A1.5 1.5 0 0 1 221 53zm6 0a1.5 1.5 0 0 1 1.5-1.5A1.5 1.5 0 0 1 230 47v6a1.5 1.5 0 0 1-1.5 1.5A1.5 1.5 0 0 1 227 53zm6 0a1.5 1.5 0 0 1 1.5-1.5A1.5 1.5 0 0 1 236 47v6a1.5 1.5 0 0 1-1.5 1.5A1.5 1.5 0 0 1 233 53zm6 1a1.5 1.5 0 0 1 1.5-1.5A1.5 1.5 0 0 1 242 48v4a1.5 1.5 0 0 1-1.5 1.5A1.5 1.5 0 0 1 239 52zm6 0a1.5 1.5 0 0 1 1.5-1.5A1.5 1.5 0 0 1 248 48v4a1.5 1.5 0 0 1-1.5 1.5A1.5 1.5 0 0 1 245 52zm6 0a1.5 1.5 0 0 1 1.5-1.5A1.5 1.5 0 0 1 254 48v4a1.5 1.5 0 0 1-1.5 1.5A1.5 1.5 0 0 1 251 52zm6-1a1.5 1.5 0 0 1 1.5-1.5A1.5 1.5 0 0 1 260 47v6a1.5 1.5 0 0 1-1.5 1.5A1.5 1.5 0 0 1 257 53zm6 0a1.5 1.5 0 0 1 1.5-1.5A1.5 1.5 0 0 1 266 47v6a1.5 1.5 0 0 1-1.5 1.5A1.5 1.5 0 0 1 263 53zm6 3a2 2 0 1 0 4 0 2 2 0 1 0-4 0m6 0a2 2 0 1 0 4 0 2 2 0 1 0-4 0m6 0a2 2 0 1 0 4 0 2 2 0 1 0-4 0m6 0a2 2 0 1 0 4 0 2 2 0 1 0-4 0",
                    "position_padding_top": 275.0
                  },
                  {
                    "internal_type": "ProgressModule",
                    "internal_toggles": {
                      "color_fgcolor": 100,
                      "color_bgcolor": 100
                    },
                    "internal_globals": {
                      "color_fgcolor": "c1",
                      "color_bgcolor": "c2"
                    },
                    "progress_progress": "MUSIC",
                    "style_size": 220.0,
                    "color_mode": "MULTIPLY",
                    "style_height": 55.0,
                    "position_padding_top": 79.0
                  }
                ]
              },
              {
                "internal_type": "OverlapLayerModule",
                "position_anchor": "CENTERLEFT",
                "position_padding_right": 150.0,
                "viewgroup_items": [
                  {
                    "internal_type": "StackLayerModule",
                    "config_margin": 15.0,
                    "position_anchor": "CENTERLEFT",
                    "position_padding_bottom": 50.0,
                    "position_padding_left": 10.0,
                    "viewgroup_items": [
                      {
                        "internal_type": "TextModule",
                        "text_expression": "$mi(title)$",
                        "text_family": "kfile://org.kustom.provider/fonts/Aldrich.ttf",
                        "text_size_type": "FIXED_WIDTH",
                        "text_lines": 1.0,
                        "text_width": 380.0,
                        "text_filter": [
                          "UP"
                        ]
                      },
                      {
                        "internal_type": "TextModule",
                        "text_expression": "$mi(artist)$",
                        "text_family": "kfile://org.kustom.provider/fonts/Aldrich.ttf",
                        "text_size_type": "FIXED_WIDTH",
                        "text_lines": 1.0,
                        "text_width": 360.0,
                        "text_filter": [
                          "UP"
                        ],
                        "text_size": 16.0
                      }
                    ]
                  },
                  {
                    "internal_type": "StackLayerModule",
                    "config_stacking": "HORIZONTAL_CENTER",
                    "config_margin": 10.0,
                    "position_padding_top": 100.0,
                    "position_anchor": "CENTERLEFT",
                    "viewgroup_items": [
                      {
                        "internal_type": "FontIconModule",
                        "icon_set": "kfile://org.kustom.provider/icons/entypo.ttf",
                        "icon_icon": "chevron-small-left",
                        "icon_size": 40.0,
                        "internal_toggles": {
                          "paint_color": 100
                        },
                        "internal_globals": {
                          "paint_color": "base"
                        },
                        "internal_events": [
                          {
                            "type": "SINGLE_TAP",
                            "action": "MUSIC",
                            "music_action": "PREVIOUS"
                          }
                        ]
                      },
                      {
                        "internal_type": "OverlapLayerModule",
                        "internal_events": [
                          {
                            "type": "SINGLE_TAP",
                            "action": "MUSIC"
                          }
                        ],
                        "viewgroup_items": [
                          {
                            "internal_type": "OverlapLayerModule",
                            "internal_toggles": {
                              "config_visible": 10
                            },
                            "viewgroup_items": [
                              {
                                "internal_type": "FontIconModule",
                                "icon_set": "kfile://org.kustom.provider/widgets/Horimiya.kwgt/icons/fontawesome.ttf",
                                "icon_icon": "heart-o",
                                "icon_size": 20.0,
                                "internal_toggles": {
                                  "paint_color": 100,
                                  "fx_gradient_color": 100
                                },
                                "internal_globals": {
                                  "paint_color": "c1",
                                  "fx_gradient_color": "c2"
                                }
                              }
                            ]
                          },
                          {
                            "internal_type": "OverlapLayerModule",
                            "internal_toggles": {
                              "config_visible": 10
                            },
                            "internal_formulas": {
                              "config_visible": "$if(mi(state)=paused , remove , always)$"
                            },
                            "viewgroup_items": [
                              {
                                "internal_type": "FontIconModule",
                                "icon_set": "kfile://org.kustom.provider/widgets/Horimiya.kwgt/icons/fontawesome.ttf",
                                "icon_icon": "heart",
                                "icon_size": 20.0,
                                "internal_toggles": {
                                  "paint_color": 100,
                                  "fx_gradient_color": 100
                                },
                                "internal_globals": {
                                  "paint_color": "c1",
                                  "fx_gradient_color": "c2"
                                }
                              }
                            ]
                          }
                        ]
                      },
                      {
                        "internal_type": "FontIconModule",
                        "icon_set": "kfile://org.kustom.provider/icons/entypo.ttf",
                        "icon_icon": "chevron-small-right",
                        "icon_size": 40.0,
                        "internal_toggles": {
                          "paint_color": 100
                        },
                        "internal_globals": {
                          "paint_color": "base"
                        },
                        "internal_events": [
                          {
                            "type": "SINGLE_TAP",
                            "action": "MUSIC",
                            "music_action": "NEXT"
                          }
                        ]
                      }
                    ]
                  }
                ]
              }
            ]
          },
          {
            "internal_type": "OverlapLayerModule",
            "position_offset_x": 210.0,
            "internal_toggles": {
              "config_visible": 10,
              "config_alpha": 0
            },
            "internal_formulas": {
              "config_alpha": "$if(mi(state)=1,100,0)$\n\n",
              "config_visible": "$if(mi(state)=\"PLAYING\", always, never)$"
            },
            "position_padding_left": 425.0,
            "viewgroup_items": [
              {
                "internal_type": "ShapeModule",
                "internal_toggles": {
                  "paint_color": 0,
                  "fx_gradient_bitmap": 10,
                  "shape_rotate_mode": 0,
                  "shape_rotate_offset": 10
                },
                "internal_globals": {
                  "paint_color": "c2"
                },
                "shape_width": 148.0,
                "shape_type": "CIRCLE",
                "shape_height": 150.0,
                "shape_path": "M70 2a68 68 0 1 1-.01 0Zm0 48a20 20 0 1 1-.01 0Zm0 16a4 4 0 1 1-.01 0Zm60 4a60 60 0 0 1-60 60m0-120a60 60 0 0 1 60 60m-20 0a40 40 0 0 1-40 40",
                "paint_stroke": 2.0,
                "internal_formulas": {
                  "fx_gradient_bitmap": "$mi(cover)$",
                  "shape_rotate_mode": "",
                  "shape_rotate_offset": "$df(ss)*6$"
                },
                "shape_rotate_mode": "MANUAL",
                "fx_gradient_bitmap": "kfile://org.kustom.provider/bitmaps/IMGfce6d5f9b33a795c673bc0fc8fdb8a22",
                "fx_gradient": "BITMAP",
                "fx_bitmap_dim": 35.0,
                "fx_bitmap_filter": "DARKEN",
                "fx_bitmap_filter_amount": 10.0
              },
              {
                "internal_type": "ShapeModule",
                "internal_toggles": {
                  "paint_color": 100,
                  "fx_gradient_bitmap": 0,
                  "shape_rotate_mode": 0,
                  "shape_rotate_offset": 10
                },
                "internal_globals": {
                  "paint_color": "c2"
                },
                "shape_width": 150.0,
                "paint_style": "STROKE",
                "shape_type": "PATH",
                "shape_height": 150.0,
                "shape_path": "M70 2a68 68 0 1 1-.01 0Zm0 48a20 20 0 1 1-.01 0Zm0 16a4 4 0 1 1-.01 0Zm40 4a40 40 0 0 1-40 40",
                "paint_stroke": 3.0,
                "internal_formulas": {
                  "fx_gradient_bitmap": "$mi(cover)$",
                  "shape_rotate_mode": "",
                  "shape_rotate_offset": "$df(ss)*6$"
                },
                "shape_rotate_mode": "MANUAL",
                "fx_gradient_bitmap": "kfile://org.kustom.provider/bitmaps/IMGfce6d5f9b33a795c673bc0fc8fdb8a22",
                "paint_color": "#A4FFF500"
              }
            ]
          },
          {
            "internal_type": "OverlapLayerModule",
            "position_offset_x": 210.0,
            "internal_toggles": {
              "config_visible": 10,
              "config_alpha": 0
            },
            "internal_formulas": {
              "config_alpha": "$if(mi(state)=1,100,0)$\n\n",
              "config_visible": "$if(mi(state)!=\"PLAYING\", always, never)$"
            },
            "position_anchor": "CENTERRIGHT",
            "position_padding_right": 25.0,
            "viewgroup_items": [
              {
                "internal_type": "ShapeModule",
                "internal_toggles": {
                  "paint_color": 100,
                  "fx_gradient_bitmap": 0,
                  "shape_rotate_mode": 0,
                  "shape_rotate_offset": 10
                },
                "internal_globals": {
                  "paint_color": "c2"
                },
                "shape_width": 130.0,
                "paint_style": "STROKE",
                "shape_type": "PATH",
                "shape_height": 130.0,
                "shape_path": "M70 2a68 68 0 1 1-.01 0Zm0 48a20 20 0 1 1-.01 0Zm0 16a4 4 0 1 1-.01 0Zm40 4a40 40 0 0 1-40 40",
                "paint_stroke": 3.0,
                "internal_formulas": {
                  "fx_gradient_bitmap": "$mi(cover)$",
                  "shape_rotate_mode": "",
                  "shape_rotate_offset": "$df(ss)*6$"
                },
                "fx_gradient_bitmap": "kfile://org.kustom.provider/bitmaps/IMGfce6d5f9b33a795c673bc0fc8fdb8a22",
                "paint_color": "#A4FFF500",
                "position_padding_bottom": 25.0
              },
              {
                "internal_type": "TextModule",
                "text_expression": "STOPPED PLAYING",
                "text_family": "kfile://org.kustom.provider/fonts/JetBrains Mono.ttf",
                "text_size": 15.0,
                "position_padding_top": 175.0,
                "position_padding_bottom": 25.0
              }
            ]
          }
        ]
      }
    ]
  }
}