{
  "preset_info": {
    "archive": "",
    "author": "Yeswanth S",
    "description": "",
    "email": "yeswanthshanmugam@gmail.com",
    "features": "WEATHER FORECAST MUSIC",
    "pflags": 0,
    "hash": null,
    "height": 1664,
    "id": "3b96f511-db3a-4687-9cb7-dcd34e7071a6",
    "locked": false,
    "release": 378512316,
    "ts": 1747412227769,
    "title": "Horimiya",
    "version": 13,
    "width": 765,
    "xscreens": 0,
    "yscreens": 0
  },
  "preset_root": {
    "internal_type": "RootLayerModule",
    "globals_list": {
      "img left": {
        "index": 5,
        "type": "BITMAP",
        "title": "Img left",
        "value": "kfile://org.kustom.provider/bitmaps/IMGe6bd65104290c0779c6d897b350a198"
      },
      "img rt": {
        "index": 6,
        "type": "BITMAP",
        "title": "Img rt",
        "value": "kfile://org.kustom.provider/bitmaps/IMG6bbf5cbebaf359aec3411b17aa9be6ff"
      },
      "name": {
        "index": 1,
        "type": "TEXT",
        "title": "name",
        "value": "Yeswanth"
      },
      "bg color": {
        "index": 7,
        "type": "COLOR",
        "title": "Bg Color",
        "value": "#FF000000"
      },
      "base": {
        "index": 8,
        "type": "COLOR",
        "title": "Base",
        "value": "#FFFFFFFF"
      },
      "grad 1": {
        "index": 9,
        "type": "COLOR",
        "title": "Grad 1",
        "value": "#FFEC407A"
      },
      "grad 2": {
        "index": 10,
        "type": "COLOR",
        "title": "Grad 2",
        "value": "#FFEC407A"
      }
    },
    "config_scale_value": 107.984985,
    "internal_toggles": {
      "background_color": 0
    },
    "internal_globals": {
      "background_color": "bg color"
    },
    "internal_events": [
      {
        "type": "SINGLE_TAP",
        "action": "KUSTOM_ACTION"
      }
    ],
    "viewgroup_items": [
      {
        "internal_type": "OverlapLayerModule",
        "position_offset_y": 60.0,
        "internal_title": "Component 1",
        "viewgroup_items": [
          {
            "internal_type": "StackLayerModule",
            "config_stacking": "VERTICAL_CENTER",
            "config_margin": -460.0,
            "position_anchor": "TOP",
            "position_padding_bottom": 375.0,
            "viewgroup_items": [
              {
                "internal_type": "StackLayerModule",
                "config_stacking": "HORIZONTAL_CENTER",
                "config_margin": 20.0,
                "internal_title": "Img Component",
                "viewgroup_items": [
                  {
                    "internal_type": "OverlapLayerModule",
                    "internal_title": "Img Left",
                    "viewgroup_items": [
                      {
                        "internal_type": "ShapeModule",
                        "internal_toggles": {
                          "paint_color": 100,
                          "fx_gradient_bitmap": 100
                        },
                        "shape_type": "RECT",
                        "shape_width": 160.0,
                        "shape_height": 260.0,
                        "shape_corners": 19,
                        "paint_stroke": 2.0,
                        "internal_globals": {
                          "fx_gradient_bitmap": "img left",
                          "paint_color": "base"
                        },
                        "fx_gradient": "BITMAP"
                      },
                      {
                        "internal_type": "ShapeModule",
                        "internal_toggles": {
                          "paint_color": 100
                        },
                        "shape_type": "RECT",
                        "shape_width": 160.0,
                        "shape_height": 260.0,
                        "shape_corners": 19,
                        "paint_style": "STROKE",
                        "paint_stroke": 2.0,
                        "internal_globals": {
                          "paint_color": "base"
                        }
                      }
                    ]
                  },
                  {
                    "internal_type": "OverlapLayerModule",
                    "internal_title": "Img Right",
                    "viewgroup_items": [
                      {
                        "internal_type": "ShapeModule",
                        "internal_toggles": {
                          "paint_color": 100,
                          "fx_gradient_bitmap": 100
                        },
                        "shape_type": "RECT",
                        "shape_width": 160.0,
                        "shape_height": 260.0,
                        "shape_corners": 19,
                        "paint_stroke": 2.0,
                        "fx_gradient": "BITMAP",
                        "internal_globals": {
                          "fx_gradient_bitmap": "img rt",
                          "paint_color": "base"
                        }
                      },
                      {
                        "internal_type": "ShapeModule",
                        "internal_toggles": {
                          "paint_color": 100
                        },
                        "shape_type": "RECT",
                        "shape_width": 160.0,
                        "shape_height": 260.0,
                        "shape_corners": 19,
                        "paint_style": "STROKE",
                        "paint_stroke": 2.0,
                        "internal_globals": {
                          "paint_color": "base"
                        }
                      }
                    ]
                  }
                ]
              },
              {
                "internal_type": "OverlapLayerModule",
                "position_anchor": "TOPLEFT",
                "position_offset_x": 60.0,
                "internal_title": "Welcome Message",
                "viewgroup_items": [
                  {
                    "internal_type": "StackLayerModule",
                    "config_margin": 20.0,
                    "position_anchor": "TOPLEFT",
                    "position_padding_top": 517.0,
                    "position_padding_right": 100.0,
                    "viewgroup_items": [
                      {
                        "internal_type": "TextModule",
                        "text_expression": "Hi , $gv(name)$ !",
                        "text_family": "kfile://org.kustom.provider/fonts/SphereSans.otf",
                        "internal_toggles": {
                          "paint_color": 100
                        },
                        "internal_globals": {
                          "paint_color": "base"
                        }
                      },
                      {
                        "internal_type": "TextModule",
                        "text_expression": "// Today is $df(EEEE)$",
                        "text_family": "kfile://org.kustom.provider/fonts/SphereSans.otf",
                        "internal_toggles": {
                          "paint_color": 100
                        },
                        "internal_globals": {
                          "paint_color": "base"
                        }
                      },
                      {
                        "internal_type": "TextModule",
                        "text_expression": "// $df(d MMM yyyy)$",
                        "text_family": "kfile://org.kustom.provider/fonts/SphereSans.otf",
                        "internal_toggles": {
                          "paint_color": 100
                        },
                        "internal_globals": {
                          "paint_color": "base"
                        }
                      }
                    ]
                  }
                ]
              }
            ]
          }
        ]
      },
      {
        "internal_type": "OverlapLayerModule",
        "internal_toggles": {
          "0": 0
        },
        "position_padding_left": 40.0,
        "position_offset_x": -19.0,
        "internal_title": "Search",
        "config_scale_value": 70.0,
        "position_offset_y": 60.0,
        "internal_events": [
          {
            "type": "SINGLE_TAP",
            "action": "LAUNCH_ACTIVITY",
            "intent": "intent:#Intent;component=com.google.android.googlequicksearchbox/.SearchActivity;S.org.kustom.intent.label=Google;end"
          }
        ],
        "viewgroup_items": [
          {
            "internal_type": "ShapeModule",
            "shape_type": "RECT",
            "shape_width": 500.0,
            "shape_height": 60.0,
            "shape_corners": 360,
            "fx_shadow_direction": 0,
            "fx_shadow_distance": 0,
            "fx_gradient_bitmap": "kfile://org.kustom.provider/bitmapsIMG7acc7d17e5e92205c91658b39ce63121",
            "fx_shadow_blur": 40.0,
            "fx_shadow_color": "#FFFCFEFF",
            "internal_toggles": {
              "paint_color": 100
            },
            "internal_globals": {
              "paint_color": "base"
            },
            "paint_style": "STROKE",
            "paint_stroke": 2.0
          },
          {
            "internal_type": "StackLayerModule",
            "config_stacking": "HORIZONTAL_CENTER",
            "position_offset_x": 8.0,
            "viewgroup_items": [
              {
                "internal_type": "FontIconModule",
                "icon_set": "kfile://org.kustom.provider/icons/fontawesome.ttf",
                "icon_icon": "heart",
                "icon_size": 38.0,
                "paint_color": "#FFFF7AC1",
                "fx_gradient_color": "#FFFFC2E3",
                "fx_gradient": "VERTICAL",
                "internal_toggles": {
                  "paint_color": 100,
                  "fx_gradient_color": 100
                },
                "internal_globals": {
                  "paint_color": "grad 1",
                  "fx_gradient_color": "grad 2"
                }
              },
              {
                "internal_type": "OverlapLayerModule",
                "viewgroup_items": [
                  {
                    "internal_type": "OverlapLayerModule",
                    "internal_toggles": {
                      "config_visible": 10
                    },
                    "internal_formulas": {
                      "config_visible": "$if(mi(state) = stopped, remove , always)$"
                    },
                    "viewgroup_items": [
                      {
                        "internal_type": "CurvedTextModule",
                        "internal_toggles": {
                          "paint_color": 100
                        },
                        "internal_globals": {
                          "paint_color": "base"
                        },
                        "position_padding_right": 200.0,
                        "text_expression": "Music",
                        "text_size": 14.0,
                        "text_spacing": 8.0,
                        "text_filter": [
                          "UP"
                        ],
                        "text_family": "kfile://org.kustom.provider/fonts/SphereSans.otf",
                        "position_padding_left": 25.0
                      }
                    ]
                  },
                  {
                    "internal_type": "OverlapLayerModule",
                    "internal_toggles": {
                      "config_visible": 10
                    },
                    "internal_formulas": {
                      "config_visible": "$if(mi(state) = stopped, always , never)$"
                    },
                    "viewgroup_items": [
                      {
                        "internal_type": "CurvedTextModule",
                        "internal_toggles": {
                          "paint_color": 100
                        },
                        "internal_globals": {
                          "paint_color": "base"
                        },
                        "position_padding_right": 200.0,
                        "text_expression": "Fav Apps",
                        "text_size": 12.0,
                        "text_spacing": 10.0,
                        "text_filter": [
                          "UP"
                        ],
                        "text_family": "kfile://org.kustom.provider/fonts/SphereSans.otf",
                        "position_padding_left": 25.0
                      }
                    ]
                  }
                ]
              },
              {
                "internal_type": "StackLayerModule",
                "config_stacking": "HORIZONTAL_CENTER",
                "config_margin": 10.0,
                "internal_events": [
                  {
                    "type": "SINGLE_TAP",
                    "action": "MUSIC"
                  }
                ],
                "viewgroup_items": [
                  {
                    "internal_type": "FontIconModule",
                    "icon_set": "kfile://org.kustom.provider/icons/fontawesome.ttf",
                    "icon_icon": "music",
                    "icon_size": 30.0,
                    "paint_color": "#FFFF7AC1",
                    "fx_gradient_color": "#FFFFC2E3",
                    "fx_gradient": "VERTICAL",
                    "internal_toggles": {
                      "paint_color": 100,
                      "fx_gradient_color": 100
                    },
                    "internal_globals": {
                      "paint_color": "grad 1",
                      "fx_gradient_color": "grad 2"
                    }
                  },
                  {
                    "internal_type": "OverlapLayerModule",
                    "internal_toggles": {
                      "config_visible": 0
                    },
                    "internal_events": [
                      {
                        "type": "SINGLE_TAP",
                        "action": "MUSIC"
                      }
                    ],
                    "viewgroup_items": [
                      {
                        "internal_type": "OverlapLayerModule",
                        "internal_title": "Toggle on",
                        "internal_toggles": {
                          "config_visible": 10
                        },
                        "internal_formulas": {
                          "config_visible": "$if(mi(state) = playing , always , never)$"
                        },
                        "config_visible": "NEVER",
                        "internal_events": [
                          {
                            "type": "SINGLE_TAP",
                            "action": "TRIGGER_FLOW"
                          }
                        ],
                        "viewgroup_items": [
                          {
                            "internal_type": "ShapeModule",
                            "shape_type": "RECT",
                            "shape_width": 35.0,
                            "shape_height": 15.0,
                            "shape_corners": 360,
                            "paint_style": "STROKE",
                            "paint_stroke": 3.0,
                            "internal_toggles": {
                              "paint_color": 100
                            },
                            "internal_globals": {
                              "paint_color": "base"
                            }
                          },
                          {
                            "internal_type": "ShapeModule",
                            "shape_type": "CIRCLE",
                            "shape_width": 10.0,
                            "position_padding_left": 18.0,
                            "internal_toggles": {
                              "paint_color": 100,
                              "fx_gradient_color": 0
                            },
                            "internal_globals": {
                              "paint_color": "base",
                              "fx_gradient_color": "grad 2"
                            }
                          }
                        ]
                      },
                      {
                        "internal_type": "OverlapLayerModule",
                        "internal_title": "Toggle off",
                        "internal_toggles": {
                          "config_visible": 10
                        },
                        "internal_formulas": {
                          "config_visible": "$if(mi(state) = playing , remove , always)$"
                        },
                        "viewgroup_items": [
                          {
                            "internal_type": "ShapeModule",
                            "shape_type": "RECT",
                            "shape_width": 35.0,
                            "shape_height": 15.0,
                            "shape_corners": 360,
                            "paint_style": "STROKE",
                            "paint_stroke": 3.0,
                            "internal_toggles": {
                              "paint_color": 100
                            },
                            "internal_globals": {
                              "paint_color": "base"
                            }
                          },
                          {
                            "internal_type": "ShapeModule",
                            "shape_type": "CIRCLE",
                            "shape_width": 10.0,
                            "position_padding_left": 5.0,
                            "internal_toggles": {
                              "paint_color": 100
                            },
                            "internal_globals": {
                              "paint_color": "base"
                            },
                            "position_anchor": "CENTERLEFT"
                          }
                        ]
                      }
                    ]
                  }
                ]
              }
            ]
          }
        ]
      },
      {
        "internal_type": "StackLayerModule",
        "internal_title": "Component 2",
        "config_stacking": "HORIZONTAL_BOTTOM",
        "config_margin": -185.0,
        "position_anchor": "BOTTOM",
        "position_offset_y": 40.0,
        "viewgroup_items": [
          {
            "internal_type": "StackLayerModule",
            "config_margin": -438.0,
            "internal_toggles": {
              "config_visible": 0
            },
            "internal_title": "Icon + Weather",
            "viewgroup_items": [
              {
                "internal_type": "OverlapLayerModule",
                "internal_title": "Icons",
                "viewgroup_items": [
                  {
                    "internal_type": "ShapeModule",
                    "shape_width": 140.0,
                    "shape_corners": 23,
                    "paint_style": "STROKE",
                    "paint_stroke": 2.0,
                    "position_anchor": "BOTTOM",
                    "position_padding_right": 225.0,
                    "position_padding_top": 475.0,
                    "internal_toggles": {
                      "paint_color": 100
                    },
                    "internal_globals": {
                      "paint_color": "base"
                    }
                  },
                  {
                    "internal_type": "StackLayerModule",
                    "config_stacking": "HORIZONTAL_CENTER",
                    "config_margin": 20.0,
                    "position_padding_right": 225.0,
                    "position_padding_top": 475.0,
                    "viewgroup_items": [
                      {
                        "internal_type": "StackLayerModule",
                        "config_margin": 20.0,
                        "viewgroup_items": [
                          {
                            "internal_type": "OverlapLayerModule",
                            "internal_events": [
                              {
                                "type": "SINGLE_TAP",
                                "action": "LAUNCH_APP",
                                "intent": "intent:#Intent;action=android.intent.action.MAIN;category=android.intent.category.LAUNCHER;component=com.sh.smart.caller/com.android.dialer.main.impl.MainActivity;S.org.kustom.intent.label=Phone;end"
                              }
                            ],
                            "viewgroup_items": [
                              {
                                "internal_type": "ShapeModule",
                                "shape_type": "SQUIRCLE",
                                "shape_width": 45.0,
                                "shape_corners": 15.0,
                                "internal_toggles": {
                                  "paint_color": 100
                                },
                                "internal_globals": {
                                  "paint_color": "base"
                                }
                              },
                              {
                                "internal_type": "FontIconModule",
                                "internal_toggles": {
                                  "paint_color": 100,
                                  "fx_gradient_color": 100
                                },
                                "internal_globals": {
                                  "paint_color": "grad 1",
                                  "fx_gradient_color": "grad 2"
                                },
                                "icon_set": "kfile://org.kustom.provider/widgets/Horimiya_v2.kwgt/icons/fontawesome.ttf",
                                "icon_icon": "phone-square",
                                "icon_size": 30.0,
                                "fx_gradient": "VERTICAL",
                                "position_padding_left": 5.0
                              }
                            ]
                          },
                          {
                            "internal_type": "OverlapLayerModule",
                            "internal_events": [
                              {
                                "type": "SINGLE_TAP",
                                "action": "LAUNCH_APP",
                                "intent": "intent:#Intent;action=android.intent.action.MAIN;category=android.intent.category.LAUNCHER;component=io.github.forkmaintainers.iceraven/.App;S.org.kustom.intent.label=Iceraven;end"
                              }
                            ],
                            "viewgroup_items": [
                              {
                                "internal_type": "ShapeModule",
                                "shape_type": "SQUIRCLE",
                                "shape_width": 45.0,
                                "shape_corners": 15.0,
                                "internal_toggles": {
                                  "paint_color": 100
                                },
                                "internal_globals": {
                                  "paint_color": "base"
                                }
                              },
                              {
                                "internal_type": "FontIconModule",
                                "internal_toggles": {
                                  "paint_color": 100,
                                  "fx_gradient_color": 100
                                },
                                "internal_globals": {
                                  "paint_color": "grad 1",
                                  "fx_gradient_color": "grad 2"
                                },
                                "icon_set": "kfile://org.kustom.provider/widgets/Horimiya_v2.kwgt/icons/fontawesome.ttf",
                                "icon_icon": "firefox",
                                "icon_size": 30.0,
                                "fx_gradient": "VERTICAL"
                              }
                            ]
                          }
                        ]
                      },
                      {
                        "internal_type": "StackLayerModule",
                        "config_margin": 20.0,
                        "viewgroup_items": [
                          {
                            "internal_type": "OverlapLayerModule",
                            "internal_events": [
                              {
                                "type": "SINGLE_TAP",
                                "action": "LAUNCH_APP",
                                "intent": "intent:#Intent;action=android.intent.action.MAIN;category=android.intent.category.LAUNCHER;component=com.google.android.youtube/.app.honeycomb.Shell%24HomeActivity;S.org.kustom.intent.label=YouTube;end"
                              }
                            ],
                            "viewgroup_items": [
                              {
                                "internal_type": "ShapeModule",
                                "shape_type": "SQUIRCLE",
                                "shape_width": 45.0,
                                "shape_corners": 15.0,
                                "internal_toggles": {
                                  "paint_color": 100
                                },
                                "internal_globals": {
                                  "paint_color": "base"
                                }
                              },
                              {
                                "internal_type": "FontIconModule",
                                "internal_toggles": {
                                  "paint_color": 100,
                                  "fx_gradient_color": 100
                                },
                                "internal_globals": {
                                  "paint_color": "grad 1",
                                  "fx_gradient_color": "grad 2"
                                },
                                "icon_set": "kfile://org.kustom.provider/widgets/Horimiya.kwgt/icons/fontawesome.ttf",
                                "icon_icon": "youtube-play",
                                "icon_size": 30.0,
                                "fx_gradient": "VERTICAL"
                              }
                            ]
                          },
                          {
                            "internal_type": "OverlapLayerModule",
                            "internal_events": [
                              {
                                "type": "SINGLE_TAP",
                                "action": "LAUNCH_APP",
                                "intent": "intent:#Intent;action=android.intent.action.MAIN;category=android.intent.category.LAUNCHER;component=com.whatsapp/.Main;S.org.kustom.intent.label=WhatsApp;end"
                              }
                            ],
                            "viewgroup_items": [
                              {
                                "internal_type": "ShapeModule",
                                "shape_type": "SQUIRCLE",
                                "shape_width": 45.0,
                                "shape_corners": 15.0,
                                "internal_toggles": {
                                  "paint_color": 100
                                },
                                "internal_globals": {
                                  "paint_color": "base"
                                }
                              },
                              {
                                "internal_type": "FontIconModule",
                                "internal_toggles": {
                                  "paint_color": 100,
                                  "fx_gradient_color": 100
                                },
                                "internal_globals": {
                                  "paint_color": "grad 1",
                                  "fx_gradient_color": "grad 2"
                                },
                                "icon_set": "kfile://org.kustom.provider/widgets/Horimiya.kwgt/icons/fontawesome.ttf",
                                "icon_icon": "whatsapp",
                                "icon_size": 30.0,
                                "fx_gradient": "VERTICAL",
                                "position_padding_left": 7.0
                              }
                            ]
                          }
                        ]
                      }
                    ]
                  }
                ]
              },
              {
                "internal_type": "OverlapLayerModule",
                "internal_title": "Weather",
                "viewgroup_items": [
                  {
                    "internal_type": "ShapeModule",
                    "shape_width": 140.0,
                    "shape_corners": 23,
                    "paint_style": "STROKE",
                    "position_anchor": "BOTTOM",
                    "position_padding_right": 225.0,
                    "position_padding_top": 475.0,
                    "paint_stroke": 2.0,
                    "internal_toggles": {
                      "paint_color": 100
                    },
                    "internal_globals": {
                      "paint_color": "base"
                    }
                  },
                  {
                    "internal_type": "TextModule",
                    "text_expression": "$wi(cond)$ , $wi(temp)$°$wi(tempu)$",
                    "text_family": "kfile://org.kustom.provider/fonts/NotoSansSylotiNagri.ttf",
                    "text_size_type": "FIXED_WIDTH",
                    "text_width": 230.0,
                    "text_size": 12.0,
                    "text_filter": [
                      "UP"
                    ],
                    "position_padding_right": 110.0,
                    "position_padding_top": 550.0,
                    "text_lines": 2.0,
                    "text_align": "CENTER",
                    "internal_toggles": {
                      "paint_color": 100
                    },
                    "internal_globals": {
                      "paint_color": "base"
                    }
                  },
                  {
                    "internal_type": "KomponentModule",
                    "internal_title": "G Weather Icon Unlocked",
                    "internal_description": "Weather Icon komponent with optional moon phases",
                    "internal_author_email": "theodorgal.mail@gmail.com",
                    "internal_author_name": "Theodor Galanis",
                    "globals_list": {
                      "day": {
                        "index": 1,
                        "type": "LIST",
                        "title": "Day",
                        "description": "Day of forecast",
                        "entries": "0##Current, 1##Today, 2##Tomorrow, 3##2 days forecast, 4##3 days forecast, 5##4 days forecast, 6##5 days forecast, 7##6 days forecast, 8##7 days forecast",
                        "value": "0"
                      },
                      "darkmode": {
                        "index": 2,
                        "type": "LIST",
                        "title": "DarkMode",
                        "description": "Set darkmode manually or follow device settings",
                        "entries": "0##Off, 1##On, $si(darkmode)$##Auto, $1-si(darkmode)$##Auto inverted",
                        "value": "$1-si(darkmode)$"
                      },
                      "wcode": {
                        "index": 4,
                        "type": "TEXT",
                        "title": "wCode",
                        "value": "$if(gv(day)=0, wi(code), wf(code, gv(day)-1))$",
                        "toggles": 1
                      },
                      "hasnight": {
                        "index": 5,
                        "type": "TEXT",
                        "title": "hasNight",
                        "value": "$if(gv(wcode)=CLEAR | gv(wcode)=FAIR | gv(wcode)=PARTLY_CLOUDY | gv(wcode)=MOSTLY_CLOUDY | gv(wcode)=SCATTERED_SHOWERS | gv(wcode)=ISOLATED_THUNDERSTORMS | gv(wcode)= SCATTERED_SNOW_SHOWERS | gv(wcode)=ISOLATED_THUNDERSHOWERS, 1, 0)$",
                        "toggles": 1
                      },
                      "moonview": {
                        "index": 6,
                        "type": "SWITCH",
                        "title": "moonView",
                        "off_mode": "MANUAL_TIMER",
                        "off_timer": 5,
                        "value": 1
                      },
                      "moonage": {
                        "index": 7,
                        "type": "TEXT",
                        "title": "moonAge",
                        "value": "$if(gv(day)=0 | gv(day)=1, 0, gv(day)-1)$",
                        "toggles": 1
                      },
                      "TORNADO1": {
                        "index": 11,
                        "type": "BITMAP",
                        "title": "TORNADO1",
                        "value": "kfile://org.kustom.provider/bitmaps/tornado_dark.svg",
                        "toggles": 1
                      },
                      "TROPICAL_STORM1": {
                        "index": 12,
                        "type": "BITMAP",
                        "title": "TROPICAL_STORM1",
                        "value": "kfile://org.kustom.provider/bitmaps/tropical_storm_hurricane_dark.svg",
                        "toggles": 1
                      },
                      "HURRICANE1": {
                        "index": 13,
                        "type": "BITMAP",
                        "title": "HURRICANE1",
                        "value": "kfile://org.kustom.provider/bitmaps/tropical_storm_hurricane_dark.svg",
                        "toggles": 1
                      },
                      "SEVERE_THUNDERSTORMS1": {
                        "index": 14,
                        "type": "BITMAP",
                        "title": "SEVERE_THUNDERSTORMS1",
                        "value": "kfile://org.kustom.provider/bitmaps/strong_thunderstorms_dark.svg",
                        "toggles": 1
                      },
                      "THUNDERSTORMS1": {
                        "index": 15,
                        "type": "BITMAP",
                        "title": "THUNDERSTORMS1",
                        "value": "kfile://org.kustom.provider/bitmaps/thunderstorms_dark.svg",
                        "toggles": 1
                      },
                      "MIXED_RAIN_SNOW1": {
                        "index": 16,
                        "type": "BITMAP",
                        "title": "MIXED_RAIN_SNOW1",
                        "value": "kfile://org.kustom.provider/bitmaps/mixed_rain_snow_dark.svg",
                        "toggles": 1
                      },
                      "MIXED_RAIN_SLEET1": {
                        "index": 17,
                        "type": "BITMAP",
                        "title": "MIXED_RAIN_SLEET1",
                        "value": "kfile://org.kustom.provider/bitmaps/mixed_rain_sleet_hail_dark.svg",
                        "toggles": 1
                      },
                      "MIXED_SNOW_SLEET1": {
                        "index": 18,
                        "type": "BITMAP",
                        "title": "MIXED_SNOW_SLEET1",
                        "value": "kfile://org.kustom.provider/bitmaps/mixed_rain_snow_dark.svg",
                        "toggles": 1
                      },
                      "FREEZING_DRIZZLE1": {
                        "index": 19,
                        "type": "BITMAP",
                        "title": "FREEZING_DRIZZLE1",
                        "value": "kfile://org.kustom.provider/bitmaps/freezing_drizzle_dark.svg",
                        "toggles": 1
                      },
                      "DRIZZLE1": {
                        "index": 20,
                        "type": "BITMAP",
                        "title": "DRIZZLE1",
                        "value": "kfile://org.kustom.provider/bitmaps/drizzle_dark.svg",
                        "toggles": 1
                      },
                      "FREEZING_RAIN1": {
                        "index": 21,
                        "type": "BITMAP",
                        "title": "FREEZING_RAIN1",
                        "value": "kfile://org.kustom.provider/bitmaps/icy_dark.svg",
                        "toggles": 1
                      },
                      "SHOWERS1": {
                        "index": 22,
                        "type": "BITMAP",
                        "title": "SHOWERS1",
                        "value": "kfile://org.kustom.provider/bitmaps/showers_dark.svg",
                        "toggles": 1
                      },
                      "HEAVY_SHOWERS1": {
                        "index": 23,
                        "type": "BITMAP",
                        "title": "HEAVY_SHOWERS1",
                        "value": "kfile://org.kustom.provider/bitmaps/heavy_showers_dark.svg",
                        "toggles": 1
                      },
                      "SNOW_FLURRIES1": {
                        "index": 24,
                        "type": "BITMAP",
                        "title": "SNOW_FLURRIES1",
                        "value": "kfile://org.kustom.provider/bitmaps/flurries_dark.svg",
                        "toggles": 1
                      },
                      "LIGHT_SNOW_SHOWERS1": {
                        "index": 25,
                        "type": "BITMAP",
                        "title": "LIGHT_SNOW_SHOWERS1",
                        "value": "kfile://org.kustom.provider/bitmaps/light_snow_showers_dark.svg",
                        "toggles": 1
                      },
                      "BLOWING_SNOW1": {
                        "index": 26,
                        "type": "BITMAP",
                        "title": "BLOWING_SNOW1",
                        "value": "kfile://org.kustom.provider/bitmaps/blowing_snow_dark.svg",
                        "toggles": 1
                      },
                      "SNOW1": {
                        "index": 27,
                        "type": "BITMAP",
                        "title": "SNOW1",
                        "value": "kfile://org.kustom.provider/bitmaps/snow_dark.svg",
                        "toggles": 1
                      },
                      "HAIL1": {
                        "index": 28,
                        "type": "BITMAP",
                        "title": "HAIL1",
                        "value": "kfile://org.kustom.provider/bitmaps/sleet_hail_dark.svg",
                        "toggles": 1
                      },
                      "SLEET1": {
                        "index": 29,
                        "type": "BITMAP",
                        "title": "SLEET1",
                        "value": "kfile://org.kustom.provider/bitmaps/sleet_hail_dark.svg",
                        "toggles": 1
                      },
                      "DUST1": {
                        "index": 30,
                        "type": "BITMAP",
                        "title": "DUST1",
                        "value": "kfile://org.kustom.provider/bitmaps/haze_fog_dust_smoke_dark.svg",
                        "toggles": 1
                      },
                      "FOGGY1": {
                        "index": 31,
                        "type": "BITMAP",
                        "title": "FOGGY1",
                        "value": "kfile://org.kustom.provider/bitmaps/haze_fog_dust_smoke_dark.svg",
                        "toggles": 1
                      },
                      "HAZE1": {
                        "index": 32,
                        "type": "BITMAP",
                        "title": "HAZE1",
                        "value": "kfile://org.kustom.provider/bitmaps/haze_fog_dust_smoke_dark.svg",
                        "toggles": 1
                      },
                      "SMOKY1": {
                        "index": 33,
                        "type": "BITMAP",
                        "title": "SMOKY1",
                        "value": "kfile://org.kustom.provider/bitmaps/haze_fog_dust_smoke_dark.svg",
                        "toggles": 1
                      },
                      "BLUSTERY1": {
                        "index": 34,
                        "type": "BITMAP",
                        "title": "BLUSTERY1",
                        "value": "kfile://org.kustom.provider/bitmaps/windy_dark.svg",
                        "toggles": 1
                      },
                      "WINDY1": {
                        "index": 35,
                        "type": "BITMAP",
                        "title": "WINDY1",
                        "value": "kfile://org.kustom.provider/bitmaps/windy_dark.svg",
                        "toggles": 1
                      },
                      "CLOUDY1": {
                        "index": 36,
                        "type": "BITMAP",
                        "title": "CLOUDY1",
                        "value": "kfile://org.kustom.provider/bitmaps/cloudy_dark.svg",
                        "toggles": 1
                      },
                      "MOSTLY_CLOUDY11": {
                        "index": 37,
                        "type": "BITMAP",
                        "title": "MOSTLY_CLOUDY11",
                        "value": "kfile://org.kustom.provider/bitmaps/mostly_cloudy_day_dark.svg",
                        "toggles": 1
                      },
                      "MOSTLY_CLOUDY10": {
                        "index": 38,
                        "type": "BITMAP",
                        "title": "MOSTLY_CLOUDY10",
                        "value": "kfile://org.kustom.provider/bitmaps/mostly_cloudy_night_dark.svg",
                        "toggles": 1
                      },
                      "PARTLY_CLOUDY11": {
                        "index": 39,
                        "type": "BITMAP",
                        "title": "PARTLY_CLOUDY11",
                        "value": "kfile://org.kustom.provider/bitmaps/partly_cloudy_day_dark.svg",
                        "toggles": 1
                      },
                      "PARTLY_CLOUDY10": {
                        "index": 40,
                        "type": "BITMAP",
                        "title": "PARTLY_CLOUDY10",
                        "value": "kfile://org.kustom.provider/bitmaps/partly_cloudy_night_dark.svg",
                        "toggles": 1
                      },
                      "CLEAR11": {
                        "index": 41,
                        "type": "BITMAP",
                        "title": "CLEAR11",
                        "value": "kfile://org.kustom.provider/bitmaps/clear_day_dark.svg",
                        "toggles": 1
                      },
                      "CLEAR10": {
                        "index": 42,
                        "type": "BITMAP",
                        "title": "CLEAR10",
                        "value": "kfile://org.kustom.provider/bitmaps/clear_night_dark.svg",
                        "toggles": 1
                      },
                      "FAIR11": {
                        "index": 43,
                        "type": "BITMAP",
                        "title": "FAIR11",
                        "value": "kfile://org.kustom.provider/bitmaps/fair_day_dark.svg",
                        "toggles": 1
                      },
                      "FAIR10": {
                        "index": 44,
                        "type": "BITMAP",
                        "title": "FAIR10",
                        "value": "kfile://org.kustom.provider/bitmaps/fair_night_dark.svg",
                        "toggles": 1
                      },
                      "MIXED_RAIN_AND_HAIL1": {
                        "index": 45,
                        "type": "BITMAP",
                        "title": "MIXED_RAIN_AND_HAIL1",
                        "value": "kfile://org.kustom.provider/bitmaps/mixed_rain_sleet_hail_dark.svg",
                        "toggles": 1
                      },
                      "ISOLATED_THUNDERSTORMS11": {
                        "index": 46,
                        "type": "BITMAP",
                        "title": "ISOLATED_THUNDERSTORMS11",
                        "value": "kfile://org.kustom.provider/bitmaps/isolated_thunderstorms_day_dark.svg",
                        "toggles": 1
                      },
                      "ISOLATED_THUNDERSTORMS10": {
                        "index": 47,
                        "type": "BITMAP",
                        "title": "ISOLATED_THUNDERSTORMS10",
                        "value": "kfile://org.kustom.provider/bitmaps/isolated_thunderstorms_night_dark.svg",
                        "toggles": 1
                      },
                      "SCATTERED_SHOWERS11": {
                        "index": 48,
                        "type": "BITMAP",
                        "title": "SCATTERED_SHOWERS11",
                        "value": "kfile://org.kustom.provider/bitmaps/scattered_showers_day_dark.svg",
                        "toggles": 1
                      },
                      "SCATTERED_SHOWERS10": {
                        "index": 49,
                        "type": "BITMAP",
                        "title": "SCATTERED_SHOWERS10",
                        "value": "kfile://org.kustom.provider/bitmaps/scattered_showers_night_dark.svg",
                        "toggles": 1
                      },
                      "HEAVY_SNOW1": {
                        "index": 50,
                        "type": "BITMAP",
                        "title": "HEAVY_SNOW1",
                        "value": "kfile://org.kustom.provider/bitmaps/heavy_snow_dark.svg",
                        "toggles": 1
                      },
                      "SCATTERED_SNOW_SHOWERS11": {
                        "index": 51,
                        "type": "BITMAP",
                        "title": "SCATTERED_SNOW_SHOWERS11",
                        "value": "kfile://org.kustom.provider/bitmaps/scattered_snow_showers_day_dark.svg",
                        "toggles": 1
                      },
                      "SCATTERED_SNOW_SHOWERS10": {
                        "index": 52,
                        "type": "BITMAP",
                        "title": "SCATTERED_SNOW_SHOWERS10",
                        "value": "kfile://org.kustom.provider/bitmaps/scattered_snow_showers_night_dark.svg",
                        "toggles": 1
                      },
                      "THUNDERSHOWERS1": {
                        "index": 53,
                        "type": "BITMAP",
                        "title": "THUNDERSHOWERS1",
                        "value": "kfile://org.kustom.provider/bitmaps/thunderstorms_dark.svg",
                        "toggles": 1
                      },
                      "SNOW_SNOWERS1": {
                        "index": 54,
                        "type": "BITMAP",
                        "title": "SNOW_SHOWERS1",
                        "value": "kfile://org.kustom.provider/bitmaps/showers_snow_dark.svg",
                        "toggles": 1
                      },
                      "ISOLATED_THUNDERSHOWERS11": {
                        "index": 55,
                        "type": "BITMAP",
                        "title": "ISOLATED_THUNDERSHOWERS11",
                        "value": "kfile://org.kustom.provider/bitmaps/isolated_thunderstorms_day_dark.svg",
                        "toggles": 1
                      },
                      "ISOLATED_THUNDERSHOWERS10": {
                        "index": 56,
                        "type": "BITMAP",
                        "title": "ISOLATED_THUNDERSHOWERS10",
                        "value": "kfile://org.kustom.provider/bitmaps/isolated_thunderstorms_night_dark.svg",
                        "toggles": 1
                      },
                      "NOT_AVAILABLE1": {
                        "index": 57,
                        "type": "BITMAP",
                        "title": "NOT_AVAILABLE1",
                        "value": "kfile://org.kustom.provider/bitmaps/na_dark.svg",
                        "toggles": 1
                      },
                      "TORNADO0": {
                        "index": 61,
                        "type": "BITMAP",
                        "title": "TORNADO0",
                        "value": "kfile://org.kustom.provider/bitmaps/tornado.svg",
                        "toggles": 1
                      },
                      "TROPICAL_STORM0": {
                        "index": 62,
                        "type": "BITMAP",
                        "title": "TROPICAL_STORM0",
                        "value": "kfile://org.kustom.provider/bitmaps/tropical_storm_hurricane.svg",
                        "toggles": 1
                      },
                      "HURRICANE0": {
                        "index": 63,
                        "type": "BITMAP",
                        "title": "HURRICANE0",
                        "value": "kfile://org.kustom.provider/bitmaps/tropical_storm_hurricane.svg",
                        "toggles": 1
                      },
                      "SEVERE_THUNDERSTORMS0": {
                        "index": 64,
                        "type": "BITMAP",
                        "title": "SEVERE_THUNDERSTORMS0",
                        "value": "kfile://org.kustom.provider/bitmaps/strong_thunderstorms.svg",
                        "toggles": 1
                      },
                      "THUNDERSTORMS0": {
                        "index": 65,
                        "type": "BITMAP",
                        "title": "THUNDERSTORMS0",
                        "value": "kfile://org.kustom.provider/bitmaps/thunderstorms.svg",
                        "toggles": 1
                      },
                      "MIXED_RAIN_SNOW0": {
                        "index": 66,
                        "type": "BITMAP",
                        "title": "MIXED_RAIN_SNOW0",
                        "value": "kfile://org.kustom.provider/bitmaps/mixed_rain_snow.svg",
                        "toggles": 1
                      },
                      "MIXED_RAIN_SLEET0": {
                        "index": 67,
                        "type": "BITMAP",
                        "title": "MIXED_RAIN_SLEET0",
                        "value": "kfile://org.kustom.provider/bitmaps/mixed_rain_sleet_hail.svg",
                        "toggles": 1
                      },
                      "MIXED_SNOW_SLEET0": {
                        "index": 68,
                        "type": "BITMAP",
                        "title": "MIXED_SNOW_SLEET0",
                        "value": "kfile://org.kustom.provider/bitmaps/mixed_rain_snow.svg",
                        "toggles": 1
                      },
                      "FREEZING_DRIZZLE0": {
                        "index": 69,
                        "type": "BITMAP",
                        "title": "FREEZING_DRIZZLE0",
                        "value": "kfile://org.kustom.provider/bitmaps/freezing_drizzle.svg",
                        "toggles": 1
                      },
                      "DRIZZLE0": {
                        "index": 70,
                        "type": "BITMAP",
                        "title": "DRIZZLE0",
                        "value": "kfile://org.kustom.provider/bitmaps/drizzle.svg",
                        "toggles": 1
                      },
                      "FREEZING_RAIN0": {
                        "index": 71,
                        "type": "BITMAP",
                        "title": "FREEZING_RAIN0",
                        "value": "kfile://org.kustom.provider/bitmaps/icy.svg",
                        "toggles": 1
                      },
                      "SHOWERS0": {
                        "index": 72,
                        "type": "BITMAP",
                        "title": "SHOWERS0",
                        "value": "kfile://org.kustom.provider/bitmaps/showers.svg",
                        "toggles": 1
                      },
                      "HEAVY_SHOWERS0": {
                        "index": 73,
                        "type": "BITMAP",
                        "title": "HEAVY_SHOWERS0",
                        "value": "kfile://org.kustom.provider/bitmaps/heavy_showers.svg",
                        "toggles": 1
                      },
                      "SNOW_FLURRIES0": {
                        "index": 74,
                        "type": "BITMAP",
                        "title": "SNOW_FLURRIES0",
                        "value": "kfile://org.kustom.provider/bitmaps/flurries.svg",
                        "toggles": 1
                      },
                      "LIGHT_SNOW_SHOWERS0": {
                        "index": 75,
                        "type": "BITMAP",
                        "title": "LIGHT_SNOW_SHOWERS0",
                        "value": "kfile://org.kustom.provider/bitmaps/light_snow_showers.svg",
                        "toggles": 1
                      },
                      "BLOWING_SNOW0": {
                        "index": 76,
                        "type": "BITMAP",
                        "title": "BLOWING_SNOW0",
                        "value": "kfile://org.kustom.provider/bitmaps/blowing_snow.svg",
                        "toggles": 1
                      },
                      "SNOW0": {
                        "index": 77,
                        "type": "BITMAP",
                        "title": "SNOW0",
                        "value": "kfile://org.kustom.provider/bitmaps/snow.svg",
                        "toggles": 1
                      },
                      "HAIL0": {
                        "index": 78,
                        "type": "BITMAP",
                        "title": "HAIL0",
                        "value": "kfile://org.kustom.provider/bitmaps/sleet_hail.svg",
                        "toggles": 1
                      },
                      "SLEET0": {
                        "index": 79,
                        "type": "BITMAP",
                        "title": "SLEET0",
                        "value": "kfile://org.kustom.provider/bitmaps/sleet_hail.svg",
                        "toggles": 1
                      },
                      "DUST0": {
                        "index": 80,
                        "type": "BITMAP",
                        "title": "DUST0",
                        "value": "kfile://org.kustom.provider/bitmaps/haze_fog_dust_smoke.svg",
                        "toggles": 1
                      },
                      "FOGGY0": {
                        "index": 81,
                        "type": "BITMAP",
                        "title": "FOGGY0",
                        "value": "kfile://org.kustom.provider/bitmaps/haze_fog_dust_smoke.svg",
                        "toggles": 1
                      },
                      "HAZE0": {
                        "index": 82,
                        "type": "BITMAP",
                        "title": "HAZE0",
                        "value": "kfile://org.kustom.provider/bitmaps/haze_fog_dust_smoke.svg",
                        "toggles": 1
                      },
                      "SMOKY0": {
                        "index": 83,
                        "type": "BITMAP",
                        "title": "SMOKY0",
                        "value": "kfile://org.kustom.provider/bitmaps/haze_fog_dust_smoke.svg",
                        "toggles": 1
                      },
                      "BLUSTERY0": {
                        "index": 84,
                        "type": "BITMAP",
                        "title": "BLUSTERY0",
                        "value": "kfile://org.kustom.provider/bitmaps/windy.svg",
                        "toggles": 1
                      },
                      "WINDY0": {
                        "index": 85,
                        "type": "BITMAP",
                        "title": "WINDY0",
                        "value": "kfile://org.kustom.provider/bitmaps/windy.svg",
                        "toggles": 1
                      },
                      "CLOUDY0": {
                        "index": 86,
                        "type": "BITMAP",
                        "title": "CLOUDY0",
                        "value": "kfile://org.kustom.provider/bitmaps/cloudy.svg",
                        "toggles": 1
                      },
                      "MOSTLY_CLOUDY01": {
                        "index": 87,
                        "type": "BITMAP",
                        "title": "MOSTLY_CLOUDY01",
                        "value": "kfile://org.kustom.provider/bitmaps/mostly_cloudy_day.svg",
                        "toggles": 1
                      },
                      "MOSTLY_CLOUDY00": {
                        "index": 88,
                        "type": "BITMAP",
                        "title": "MOSTLY_CLOUDY00",
                        "value": "kfile://org.kustom.provider/bitmaps/mostly_cloudy_night.svg",
                        "toggles": 1
                      },
                      "PARTLY_CLOUDY01": {
                        "index": 89,
                        "type": "BITMAP",
                        "title": "PARTLY_CLOUDY01",
                        "value": "kfile://org.kustom.provider/bitmaps/partly_cloudy_day.svg",
                        "toggles": 1
                      },
                      "PARTLY_CLOUDY00": {
                        "index": 90,
                        "type": "BITMAP",
                        "title": "PARTLY_CLOUDY00",
                        "value": "kfile://org.kustom.provider/bitmaps/partly_cloudy_night.svg",
                        "toggles": 1
                      },
                      "CLEAR01": {
                        "index": 91,
                        "type": "BITMAP",
                        "title": "CLEAR01",
                        "value": "kfile://org.kustom.provider/bitmaps/clear_day.svg",
                        "toggles": 1
                      },
                      "CLEAR00": {
                        "index": 92,
                        "type": "BITMAP",
                        "title": "CLEAR00",
                        "value": "kfile://org.kustom.provider/bitmaps/clear_night.svg",
                        "toggles": 1
                      },
                      "FAIR01": {
                        "index": 93,
                        "type": "BITMAP",
                        "title": "FAIR01",
                        "value": "kfile://org.kustom.provider/bitmaps/fair_day.svg",
                        "toggles": 1
                      },
                      "FAIR00": {
                        "index": 94,
                        "type": "BITMAP",
                        "title": "FAIR00",
                        "value": "kfile://org.kustom.provider/bitmaps/fair_night.svg",
                        "toggles": 1
                      },
                      "MIXED_RAIN_AND_HAIL0": {
                        "index": 95,
                        "type": "BITMAP",
                        "title": "MIXED_RAIN_AND_HAIL0",
                        "value": "kfile://org.kustom.provider/bitmaps/mixed_rain_sleet_hail.svg",
                        "toggles": 1
                      },
                      "ISOLATED_THUNDERSTORMS01": {
                        "index": 96,
                        "type": "BITMAP",
                        "title": "ISOLATED_THUNDERSTORMS01",
                        "value": "kfile://org.kustom.provider/bitmaps/isolated_thunderstorms_day.svg",
                        "toggles": 1
                      },
                      "ISOLATED_THUNDERSTORMS00": {
                        "index": 97,
                        "type": "BITMAP",
                        "title": "ISOLATED_THUNDERSTORMS00",
                        "value": "kfile://org.kustom.provider/bitmaps/isolated_thunderstorms_night.svg",
                        "toggles": 1
                      },
                      "SCATTERED_SHOWERS01": {
                        "index": 98,
                        "type": "BITMAP",
                        "title": "SCATTERED_SHOWERS01",
                        "value": "kfile://org.kustom.provider/bitmaps/scattered_showers_day.svg",
                        "toggles": 1
                      },
                      "SCATTERED_SHOWERS00": {
                        "index": 99,
                        "type": "BITMAP",
                        "title": "SCATTERED_SHOWERS00",
                        "value": "kfile://org.kustom.provider/bitmaps/scattered_showers_night.svg",
                        "toggles": 1
                      },
                      "HEAVY_SNOW0": {
                        "index": 100,
                        "type": "BITMAP",
                        "title": "HEAVY_SNOW0",
                        "value": "kfile://org.kustom.provider/bitmaps/heavy_snow.svg",
                        "toggles": 1
                      },
                      "SCATTERED_SNOW_SHOWERS01": {
                        "index": 101,
                        "type": "BITMAP",
                        "title": "SCATTERED_SNOW_SHOWERS01",
                        "value": "kfile://org.kustom.provider/bitmaps/scattered_snow_showers_day.svg",
                        "toggles": 1
                      },
                      "SCATTERED_SNOW_SHOWERS00": {
                        "index": 102,
                        "type": "BITMAP",
                        "title": "SCATTERED_SNOW_SHOWERS00",
                        "value": "kfile://org.kustom.provider/bitmaps/scattered_snow_showers_night.svg",
                        "toggles": 1
                      },
                      "THUNDERSHOWERS0": {
                        "index": 103,
                        "type": "BITMAP",
                        "title": "THUNDERSHOWERS0",
                        "value": "kfile://org.kustom.provider/bitmaps/thunderstorms.svg",
                        "toggles": 1
                      },
                      "SNOW_SNOWERS0": {
                        "index": 104,
                        "type": "BITMAP",
                        "title": "SNOW_SHOWERS0",
                        "value": "kfile://org.kustom.provider/bitmaps/showers_snow.svg",
                        "toggles": 1
                      },
                      "ISOLATED_THUNDERSHOWERS01": {
                        "index": 105,
                        "type": "BITMAP",
                        "title": "ISOLATED_THUNDERSHOWERS01",
                        "value": "kfile://org.kustom.provider/bitmaps/isolated_thunderstorms_day.svg",
                        "toggles": 1
                      },
                      "ISOLATED_THUNDERSHOWERS00": {
                        "index": 106,
                        "type": "BITMAP",
                        "title": "ISOLATED_THUNDERSHOWERS00",
                        "value": "kfile://org.kustom.provider/bitmaps/isolated_thunderstorms_night.svg",
                        "toggles": 1
                      },
                      "NOT_AVAILABLE0": {
                        "index": 107,
                        "type": "BITMAP",
                        "title": "NOT_AVAILABLE0",
                        "value": "kfile://org.kustom.provider/bitmaps/na.svg",
                        "toggles": 1
                      },
                      "NEW": {
                        "index": 108,
                        "type": "BITMAP",
                        "title": "NEW",
                        "value": "kfile://org.kustom.provider/bitmaps/new.svg",
                        "toggles": 1
                      },
                      "WAXING_CRESCENT": {
                        "index": 109,
                        "type": "BITMAP",
                        "title": "WAXING_CRESCENT",
                        "value": "kfile://org.kustom.provider/bitmaps/waxing_crescent.svg",
                        "toggles": 1
                      },
                      "FIRST_QUARTER": {
                        "index": 110,
                        "type": "BITMAP",
                        "title": "FIRST_QUARTER",
                        "value": "kfile://org.kustom.provider/bitmaps/first_quarter.svg",
                        "toggles": 1
                      },
                      "WAXING_GIBBOUS": {
                        "index": 111,
                        "type": "BITMAP",
                        "title": "WAXING_GIBBOUS",
                        "value": "kfile://org.kustom.provider/bitmaps/waxing_gibbous.svg",
                        "toggles": 1
                      },
                      "FULL": {
                        "index": 112,
                        "type": "BITMAP",
                        "title": "FULL",
                        "value": "kfile://org.kustom.provider/bitmaps/full.svg",
                        "toggles": 1
                      },
                      "WANING_GIBBOUS": {
                        "index": 113,
                        "type": "BITMAP",
                        "title": "WANING_GIBBOUS",
                        "value": "kfile://org.kustom.provider/bitmaps/waning_gibbous.svg",
                        "toggles": 1
                      },
                      "THIRD_QUARTER": {
                        "index": 114,
                        "type": "BITMAP",
                        "title": "THIRD_QUARTER",
                        "value": "kfile://org.kustom.provider/bitmaps/third_quarter.svg",
                        "toggles": 1
                      },
                      "WANING_CRESCENT": {
                        "index": 115,
                        "type": "BITMAP",
                        "title": "WANING_CRESCENT",
                        "value": "kfile://org.kustom.provider/bitmaps/waning_crescent.svg",
                        "toggles": 1
                      },
                      "FAIR_ALT": {
                        "index": 116,
                        "type": "BITMAP",
                        "title": "FAIR_ALT",
                        "value": "kfile://org.kustom.provider/bitmaps/fair_night_alt.svg",
                        "toggles": 1
                      },
                      "IS_TH_ALT1": {
                        "index": 117,
                        "type": "BITMAP",
                        "title": "IS_TH_ALT1",
                        "value": "kfile://org.kustom.provider/bitmaps/isolated_thunderstorms_night_dark_alt.svg",
                        "toggles": 1
                      },
                      "IS_TH_ALT0": {
                        "index": 118,
                        "type": "BITMAP",
                        "title": "ISO_TH_ALT0",
                        "value": "kfile://org.kustom.provider/bitmaps/isolated_thunderstorms_night_alt.svg",
                        "toggles": 1
                      },
                      "SC_SH_ALT1": {
                        "index": 119,
                        "type": "BITMAP",
                        "title": "SC_SH_ALT1",
                        "value": "kfile://org.kustom.provider/bitmaps/scattered_showers_night_dark_alt.svg",
                        "toggles": 1
                      },
                      "SC_SH_ALT0": {
                        "index": 120,
                        "type": "BITMAP",
                        "title": "SC_SH_ALT0",
                        "value": "kfile://org.kustom.provider/bitmaps/scattered_showers_night_alt.svg",
                        "toggles": 1
                      },
                      "SC_SN_ALT1": {
                        "index": 121,
                        "type": "BITMAP",
                        "title": "SC_SN_ALT1",
                        "value": "kfile://org.kustom.provider/bitmaps/scattered_snow_showers_night_dark_alt.svg",
                        "toggles": 1
                      },
                      "SC_SN_ALT0": {
                        "index": 122,
                        "type": "BITMAP",
                        "title": "SC_SN_ALT0",
                        "value": "kfile://org.kustom.provider/bitmaps/scattered_snow_showers_night_alt.svg",
                        "toggles": 1
                      },
                      "PARTLY_MOSTLY_ALT": {
                        "index": 123,
                        "type": "BITMAP",
                        "title": "PARTLY_MOSTLY_ALT",
                        "value": "kfile://org.kustom.provider/bitmaps/partly_mostly_night_alt.svg",
                        "toggles": 1
                      }
                    },
                    "internal_toggles": {
                      "FvdxIoEv": 0
                    },
                    "config_scale_value": 25.0,
                    "position_padding_right": 225.0,
                    "position_padding_top": 450.0,
                    "viewgroup_items": [
                      {
                        "internal_type": "ShapeModule",
                        "internal_title": "Refresh",
                        "shape_width": 200.0,
                        "paint_color": "#00FFFFFF",
                        "internal_events": [
                          {
                            "type": "SINGLE_TAP",
                            "action": "KUSTOM_ACTION",
                            "kustom_action": "WEATHER_UPDATE"
                          }
                        ]
                      },
                      {
                        "internal_type": "OverlapLayerModule",
                        "internal_title": "Originals",
                        "internal_toggles": {
                          "config_visible": 10
                        },
                        "internal_formulas": {
                          "config_visible": "$if(gv(mode)=0, ALWAYS, REMOVE)$"
                        },
                        "viewgroup_items": [
                          {
                            "internal_type": "BitmapModule",
                            "internal_title": "Svgs",
                            "bitmap_mode": "VECTOR",
                            "bitmap_width": 200.0,
                            "internal_toggles": {
                              "bitmap_svg": 10,
                              "bitmap_alpha": 10
                            },
                            "internal_formulas": {
                              "bitmap_svg": "$if(gv(hasnight)=1, (gv(gv(wcode)+gv(darkmode)+ai(isday))), (gv(gv(wcode)+gv(darkmode))))$",
                              "bitmap_alpha": "$if(gv(moonview)=1, 50, 100)$"
                            }
                          }
                        ]
                      },
                      {
                        "internal_type": "OverlapLayerModule",
                        "internal_title": "Alts",
                        "config_visible": "REMOVE",
                        "internal_toggles": {
                          "config_visible": 10
                        },
                        "internal_formulas": {
                          "config_visible": "$if(gv(mode)=0, REMOVE,  gv(wcode)=CLEAR & ai(isday) = 0, REMOVE, ALWAYS)$"
                        },
                        "viewgroup_items": [
                          {
                            "internal_type": "BitmapModule",
                            "internal_title": "Svgs",
                            "bitmap_mode": "VECTOR",
                            "bitmap_width": 200.0,
                            "internal_toggles": {
                              "bitmap_svg": 10,
                              "bitmap_alpha": 10
                            },
                            "internal_formulas": {
                              "bitmap_svg": "$if(ai(isday)=0 & gv(wcode)=FAIR, gv(FAIR_ALT), ai(isday)=0 & gv(wcode)=PARTLY_CLOUDY, gv(PARTLY_MOSTLY_ALT), ai(isday)=0 & gv(wcode)=MOSTLY_CLOUDY, gv(PARTLY_MOSTLY_ALT), ai(isday)=0 & gv(wcode)=ISOLATED_THUNDERSTORMS, gv(IS_TH_ALT+gv(darkmode)), ai(isday)=0 & gv(wcode)=ISOLATED_THUNDERSHOWERS, gv(IS_TH_ALT+gv(darkmode)), ai(isday)=0 & gv(wcode)=SCATTERED_SHOWERS, gv(SC_SH_ALT+gv(darkmode)), ai(isday)=0 & gv(wcode)=SCATTERED_SNOW_SHOWERS, gv(SC_SN_ALT+gv(darkmode)), gv(hasnight)=1, (gv(gv(wcode)+gv(darkmode)+ai(isday))), (gv(gv(wcode)+gv(darkmode))))$",
                              "bitmap_alpha": "$if(gv(moonview)=1, 40, 100)$"
                            }
                          }
                        ]
                      },
                      {
                        "internal_type": "OverlapLayerModule",
                        "internal_title": "Button",
                        "internal_toggles": {
                          "config_visible": 10
                        },
                        "internal_formulas": {
                          "config_visible": "$if(gv(wcode)=CLEAR | ai(isday)=1, REMOVE, ALWAYS)$"
                        },
                        "viewgroup_items": [
                          {
                            "internal_type": "ShapeModule",
                            "internal_title": "touch",
                            "shape_width": 200.0,
                            "paint_color": "#00FFFFFF",
                            "internal_events": [
                              {
                                "type": "SINGLE_TAP",
                                "action": "SWITCH_GLOBAL",
                                "switch": "moonview"
                              },
                              {
                                "type": "SINGLE_TAP",
                                "action": "KUSTOM_ACTION",
                                "kustom_action": "WEATHER_UPDATE"
                              }
                            ]
                          }
                        ]
                      }
                    ]
                  }
                ]
              }
            ]
          },
          {
            "internal_type": "OverlapLayerModule",
            "position_offset_x": 100.0,
            "internal_toggles": {
              "config_visible": 0
            },
            "internal_formulas": {
              "config_visible": "$if(mi(state)=stopped , remove, always )$"
            },
            "internal_title": "Music",
            "viewgroup_items": [
              {
                "internal_type": "ShapeModule",
                "internal_toggles": {
                  "paint_color": 100
                },
                "shape_type": "RECT",
                "shape_width": 160.0,
                "shape_height": 320.0,
                "shape_corners": 19.0,
                "paint_style": "STROKE",
                "internal_globals": {
                  "paint_color": "base"
                },
                "position_padding_top": 15.0,
                "paint_stroke": 2.0
              },
              {
                "internal_type": "TextModule",
                "text_expression": "$mi(title)$",
                "text_family": "kfile://org.kustom.provider/fonts/NotoSansSylotiNagri.ttf",
                "text_size_type": "FIXED_WIDTH",
                "text_width": 140.0,
                "text_size": 14.0,
                "text_align": "CENTER",
                "position_padding_top": 50.0,
                "internal_toggles": {
                  "paint_color": 100,
                  "fx_gradient_color": 100
                },
                "internal_globals": {
                  "paint_color": "base",
                  "fx_gradient_color": "grad"
                },
                "text_lines": 1.0
              },
              {
                "internal_type": "TextModule",
                "text_expression": "$mi(artist)$",
                "text_family": "kfile://org.kustom.provider/fonts/NotoSansSylotiNagri.ttf",
                "text_size_type": "FIXED_WIDTH",
                "text_width": 140.0,
                "text_size": 14.0,
                "text_align": "CENTER",
                "position_padding_top": 100.0,
                "internal_toggles": {
                  "paint_color": 100
                },
                "internal_globals": {
                  "paint_color": "base"
                },
                "text_lines": 1.0
              },
              {
                "internal_type": "StackLayerModule",
                "config_stacking": "HORIZONTAL_CENTER",
                "config_margin": 10.0,
                "position_padding_top": 175.0,
                "viewgroup_items": [
                  {
                    "internal_type": "FontIconModule",
                    "icon_set": "kfile://org.kustom.provider/icons/entypo.ttf",
                    "icon_icon": "chevron-small-left",
                    "icon_size": 40.0,
                    "internal_toggles": {
                      "paint_color": 100
                    },
                    "internal_globals": {
                      "paint_color": "base"
                    },
                    "internal_events": [
                      {
                        "type": "SINGLE_TAP",
                        "action": "MUSIC",
                        "music_action": "PREVIOUS"
                      }
                    ]
                  },
                  {
                    "internal_type": "OverlapLayerModule",
                    "internal_events": [
                      {
                        "type": "SINGLE_TAP",
                        "action": "MUSIC"
                      }
                    ],
                    "viewgroup_items": [
                      {
                        "internal_type": "OverlapLayerModule",
                        "internal_toggles": {
                          "config_visible": 10
                        },
                        "viewgroup_items": [
                          {
                            "internal_type": "FontIconModule",
                            "icon_set": "kfile://org.kustom.provider/widgets/Horimiya.kwgt/icons/fontawesome.ttf",
                            "icon_icon": "heart-o",
                            "icon_size": 20.0,
                            "internal_toggles": {
                              "paint_color": 100,
                              "fx_gradient_color": 100
                            },
                            "internal_globals": {
                              "paint_color": "grad 1",
                              "fx_gradient_color": "grad 2"
                            },
                            "fx_gradient": "VERTICAL"
                          }
                        ]
                      },
                      {
                        "internal_type": "OverlapLayerModule",
                        "internal_toggles": {
                          "config_visible": 10
                        },
                        "internal_formulas": {
                          "config_visible": "$if(mi(state)=paused , remove , always)$"
                        },
                        "viewgroup_items": [
                          {
                            "internal_type": "FontIconModule",
                            "icon_set": "kfile://org.kustom.provider/widgets/Horimiya.kwgt/icons/fontawesome.ttf",
                            "icon_icon": "heart",
                            "icon_size": 20.0,
                            "internal_toggles": {
                              "paint_color": 100,
                              "fx_gradient_color": 100
                            },
                            "internal_globals": {
                              "paint_color": "grad 1",
                              "fx_gradient_color": "grad 2"
                            },
                            "fx_gradient": "VERTICAL"
                          }
                        ]
                      }
                    ]
                  },
                  {
                    "internal_type": "FontIconModule",
                    "icon_set": "kfile://org.kustom.provider/icons/entypo.ttf",
                    "icon_icon": "chevron-small-right",
                    "icon_size": 40.0,
                    "internal_toggles": {
                      "paint_color": 100
                    },
                    "internal_globals": {
                      "paint_color": "base"
                    },
                    "internal_events": [
                      {
                        "type": "SINGLE_TAP",
                        "action": "MUSIC",
                        "music_action": "NEXT"
                      }
                    ]
                  }
                ]
              },
              {
                "internal_type": "ProgressModule",
                "internal_toggles": {
                  "color_fgcolor": 100,
                  "color_bgcolor": 100,
                  "color_tcolor": 100
                },
                "internal_globals": {
                  "color_fgcolor": "grad 1",
                  "color_bgcolor": "base",
                  "color_tcolor": "grad 2"
                },
                "progress_mode": "SHAPES",
                "color_color": "GRADIENT",
                "style_size": 140.0,
                "style_shape": "SQUARE",
                "style_width": 185.0,
                "style_height": 3.0,
                "position_padding_top": 250.0,
                "progress_progress": "MUSIC",
                "color_fgcolor": "#FFFF9CFF",
                "color_tcolor": "#FFFF7AFF"
              },
              {
                "internal_type": "ShapeModule",
                "internal_toggles": {
                  "paint_color": 100,
                  "fx_gradient_bitmap": 10,
                  "fx_gradient": 0,
                  "fx_gradient_bitmap_mode": 0
                },
                "shape_width": 140.0,
                "shape_height": 80.0,
                "paint_stroke": 2.0,
                "internal_globals": {
                  "fx_gradient_bitmap": "pic",
                  "paint_color": "base"
                },
                "fx_gradient": "BITMAP",
                "position_padding_bottom": 125.0,
                "internal_formulas": {
                  "fx_gradient_bitmap": "$mi(cover)$",
                  "fx_gradient": "$mi(cover)$"
                },
                "fx_gradient_bitmap_width": 140.0,
                "shape_corners": 12.0
              }
            ]
          }
        ]
      }
    ]
  }
}