{
  "preset_info": {
    "archive": "",
    "author": "Yeswanth S ",
    "description": "",
    "email": "yeswanthshanmugam@gmail.com",
    "features": "LOCATION WEATHER FORECAST",
    "pflags": 0,
    "hash": null,
    "height": 400,
    "id": "ef4d6db6-c4c8-4e76-b86c-4f7580b9235a",
    "locked": false,
    "release": 378512316,
    "ts": 1748275279031,
    "title": "Cyber w2 v1",
    "version": 13,
    "width": 1080,
    "xscreens": 0,
    "yscreens": 0
  },
  "preset_root": {
    "internal_type": "RootLayerModule",
    "globals_list": {
      "c1": {
        "index": 1,
        "type": "COLOR",
        "title": "C1",
        "value": "#FFFCF632"
      },
      "c2": {
        "index": 2,
        "type": "COLOR",
        "title": "C2",
        "value": "#FFF0EFFF"
      },
      "bg": {
        "index": 3,
        "type": "COLOR",
        "title": "Bg",
        "value": "#FF000000"
      }
    },
    "config_scale_value": 103.84615,
    "viewgroup_items": [
      {
        "internal_type": "OverlapLayerModule",
        "viewgroup_items": [
          {
            "internal_type": "ShapeModule",
            "shape_type": "PATH",
            "shape_width": 600.0,
            "shape_height": 600.0,
            "shape_path": "M 20 10 L 380 10 L 390 20 L 390 130 L 380 140 L 20 140 L 10 130 L 10 20 Z",
            "paint_style": "STROKE",
            "paint_color": "#FF00CFDA",
            "paint_stroke": 3.0,
            "fx_gradient": "HORIZONTAL",
            "fx_gradient_color": "#FFFD47BC",
            "fx_gradient_width": 6.0,
            "fx_gradient_offset": 67,
            "position_padding_top": 368.0,
            "internal_toggles": {
              "paint_color": 100,
              "fx_gradient_color": 100
            },
            "internal_globals": {
              "paint_color": "c1",
              "fx_gradient_color": "c2"
            }
          },
          {
            "internal_type": "OverlapLayerModule",
            "position_padding_right": 325.0,
            "position_padding_bottom": 100.0,
            "viewgroup_items": [
              {
                "internal_type": "TextModule",
                "text_expression": "$li(admin)$",
                "text_family": "kfile://org.kustom.provider/fonts/Aldrich.ttf",
                "text_size": 25.0,
                "internal_toggles": {
                  "paint_color": 100
                },
                "internal_globals": {
                  "paint_color": "c1"
                }
              },
              {
                "internal_type": "TextModule",
                "text_expression": "$wi(temp)$",
                "text_family": "kfile://org.kustom.provider/fonts/Aldrich.ttf",
                "text_size": 60.0,
                "position_padding_right": 60.0,
                "position_padding_top": 105.0,
                "internal_toggles": {
                  "paint_color": 100
                },
                "internal_globals": {
                  "paint_color": "c1"
                }
              },
              {
                "internal_type": "TextModule",
                "text_expression": "C",
                "text_family": "kfile://org.kustom.provider/fonts/Aldrich.ttf",
                "text_size": 25.0,
                "position_padding_left": 50.0,
                "position_padding_top": 75.0,
                "internal_toggles": {
                  "paint_color": 100
                },
                "internal_globals": {
                  "paint_color": "c1"
                }
              },
              {
                "internal_type": "TextModule",
                "text_expression": "$wf(icon, 0)$",
                "text_family": "kfile://org.kustom.provider/fonts/Aldrich.ttf",
                "text_size": 25.0,
                "position_padding_left": 325.0,
                "position_padding_top": 120.0,
                "internal_toggles": {
                  "paint_color": 100
                },
                "internal_globals": {
                  "paint_color": "c1"
                }
              },
              {
                "internal_type": "ShapeModule",
                "internal_toggles": {
                  "paint_color": 100,
                  "fx_gradient_color": 100
                },
                "internal_globals": {
                  "paint_color": "c2",
                  "fx_gradient_color": "c1"
                },
                "shape_type": "RECT",
                "shape_width": 500.0,
                "shape_height": 2.0,
                "fx_gradient_offset": 52,
                "position_padding_left": 325.0,
                "position_padding_top": 175.0
              }
            ]
          },
          {
            "internal_type": "StackLayerModule",
            "config_stacking": "HORIZONTAL_CENTER",
            "config_margin": 55.0,
            "position_padding_top": 125.0,
            "viewgroup_items": [
              {
                "internal_type": "TextModule",
                "text_expression": "HUMIDITY",
                "text_family": "kfile://org.kustom.provider/fonts/Aldrich.ttf",
                "internal_toggles": {
                  "paint_color": 100
                },
                "internal_globals": {
                  "paint_color": "c2"
                },
                "text_filter": [
                  "CAP"
                ]
              },
              {
                "internal_type": "TextModule",
                "text_family": "kfile://org.kustom.provider/fonts/Aldrich.ttf",
                "text_expression": "$wi(hum)$%",
                "internal_toggles": {
                  "paint_color": 100
                },
                "internal_globals": {
                  "paint_color": "c2"
                }
              },
              {
                "internal_type": "TextModule",
                "text_family": "kfile://org.kustom.provider/fonts/Aldrich.ttf",
                "text_expression": "$wi(wspeed)$ km/h",
                "internal_toggles": {
                  "paint_color": 100
                },
                "internal_globals": {
                  "paint_color": "c2"
                }
              },
              {
                "internal_type": "TextModule",
                "text_family": "kfile://org.kustom.provider/fonts/Aldrich.ttf",
                "text_expression": "$li(neigh)$",
                "internal_toggles": {
                  "paint_color": 100
                },
                "internal_globals": {
                  "paint_color": "c2"
                },
                "text_size_type": "FIXED_WIDTH",
                "text_width": 120.0
              }
            ]
          },
          {
            "internal_type": "OverlapLayerModule",
            "viewgroup_items": [
              {
                "internal_type": "KomponentModule",
                "internal_title": "NeoMaterialY",
                "globals_list": {
                  "icon": {
                    "index": 1,
                    "type": "LIST",
                    "title": "Icon",
                    "entries": "\"$wi(icon)$\"##Current,\"$wf(icon, 0)$\"##Today Forecast,\"$wf(icon, 1)$\"##Tomorrow Forecast,\"$wf(icon, 2)$\"##2 Days Forecast,\"$wf(icon, 3)$\"##3 Days Forecast,\"$wf(icon, 4)$\"##4 Days Forecast,\"$wf(icon, 5)$\"##5 Days Forecast,\"$wf(icon, 6)$\"##6 Days Forecast,\"$wf(icon, 7)$\"##7 Days Forecast,\"$wf(icon, 8)$\"##8 Days Forecast,\"$wf(icon, 9)$\"##9 Days Forecast",
                    "value": "$wf(icon, 0)$"
                  },
                  "nightico": {
                    "index": 2,
                    "type": "SWITCH",
                    "title": "NightIco",
                    "value": 1
                  },
                  "opacity": {
                    "index": 3,
                    "type": "NUMBER",
                    "title": "Opacity",
                    "min": 0,
                    "max": 100,
                    "value": 100
                  },
                  "size": {
                    "index": 4,
                    "type": "NUMBER",
                    "title": "Size",
                    "min": 10,
                    "max": 720,
                    "value": 170.0
                  },
                  "rotate": {
                    "index": 5,
                    "type": "NUMBER",
                    "title": "Rotate",
                    "min": 0,
                    "max": 359
                  },
                  "clear-day": {
                    "index": 10,
                    "type": "BITMAP",
                    "title": "clear-day",
                    "toggles": 1,
                    "value": "kfile://org.kustom.provider/bitmaps/clear-day.png"
                  },
                  "clear-night": {
                    "index": 10,
                    "type": "BITMAP",
                    "title": "clear-night",
                    "toggles": 1,
                    "value": "kfile://org.kustom.provider/bitmaps/clear-night.png"
                  },
                  "fog-day": {
                    "index": 10,
                    "type": "BITMAP",
                    "title": "fog-day",
                    "toggles": 1,
                    "value": "kfile://org.kustom.provider/bitmaps/fog-day.png"
                  },
                  "fog-night": {
                    "index": 10,
                    "type": "BITMAP",
                    "title": "fog-night",
                    "toggles": 1,
                    "value": "kfile://org.kustom.provider/bitmaps/fog-night.png"
                  },
                  "hail-day": {
                    "index": 10,
                    "type": "BITMAP",
                    "title": "hail-day",
                    "toggles": 1,
                    "value": "kfile://org.kustom.provider/bitmaps/hail-day.png"
                  },
                  "hail-night": {
                    "index": 10,
                    "type": "BITMAP",
                    "title": "hail-night",
                    "toggles": 1,
                    "value": "kfile://org.kustom.provider/bitmaps/hail-night.png"
                  },
                  "lsnow-day": {
                    "index": 10,
                    "type": "BITMAP",
                    "title": "lsnow-day",
                    "toggles": 1,
                    "value": "kfile://org.kustom.provider/bitmaps/lsnow-day.png"
                  },
                  "lsnow-night": {
                    "index": 10,
                    "type": "BITMAP",
                    "title": "lsnow-night",
                    "toggles": 1,
                    "value": "kfile://org.kustom.provider/bitmaps/lsnow-night.png"
                  },
                  "mcloudy": {
                    "index": 11,
                    "type": "BITMAP",
                    "title": "mcloudy",
                    "toggles": 1,
                    "value": "kfile://org.kustom.provider/bitmaps/mcloudy.png"
                  },
                  "pcloudy-day": {
                    "index": 12,
                    "type": "BITMAP",
                    "title": "pcloudy-day",
                    "toggles": 1,
                    "value": "kfile://org.kustom.provider/bitmaps/pcloudy-day.png"
                  },
                  "pcloudy-night": {
                    "index": 13,
                    "type": "BITMAP",
                    "title": "pcloudy-night",
                    "toggles": 1,
                    "value": "kfile://org.kustom.provider/bitmaps/pcloudy-night.png"
                  },
                  "rain": {
                    "index": 14,
                    "type": "BITMAP",
                    "title": "rain",
                    "toggles": 1,
                    "value": "kfile://org.kustom.provider/bitmaps/rain.png"
                  },
                  "showers-day": {
                    "index": 15,
                    "type": "BITMAP",
                    "title": "showers-day",
                    "toggles": 1,
                    "value": "kfile://org.kustom.provider/bitmaps/showers-day.png"
                  },
                  "showers-night": {
                    "index": 16,
                    "type": "BITMAP",
                    "title": "showers-night",
                    "toggles": 1,
                    "value": "kfile://org.kustom.provider/bitmaps/showers-night.png"
                  },
                  "sleet-day": {
                    "index": 17,
                    "type": "BITMAP",
                    "title": "sleet-day",
                    "toggles": 1,
                    "value": "kfile://org.kustom.provider/bitmaps/sleet-day.png"
                  },
                  "sleet-night": {
                    "index": 18,
                    "type": "BITMAP",
                    "title": "sleet-night",
                    "toggles": 1,
                    "value": "kfile://org.kustom.provider/bitmaps/sleet-night.png"
                  },
                  "snow-day": {
                    "index": 19,
                    "type": "BITMAP",
                    "title": "snow-day",
                    "toggles": 1,
                    "value": "kfile://org.kustom.provider/bitmaps/snow-day.png"
                  },
                  "snow-night": {
                    "index": 20,
                    "type": "BITMAP",
                    "title": "snow-night",
                    "toggles": 1,
                    "value": "kfile://org.kustom.provider/bitmaps/snow-night.png"
                  },
                  "tornado": {
                    "index": 21,
                    "type": "BITMAP",
                    "title": "tornado",
                    "toggles": 1,
                    "value": "kfile://org.kustom.provider/bitmaps/tornado.png"
                  },
                  "tshower-day": {
                    "index": 22,
                    "type": "BITMAP",
                    "title": "tshower-day",
                    "toggles": 1,
                    "value": "kfile://org.kustom.provider/bitmaps/tshower-day.png"
                  },
                  "tshower-night": {
                    "index": 23,
                    "type": "BITMAP",
                    "title": "tshower-night",
                    "toggles": 1,
                    "value": "kfile://org.kustom.provider/bitmaps/tshower-night.png"
                  },
                  "tstorm": {
                    "index": 24,
                    "type": "BITMAP",
                    "title": "tstorm",
                    "toggles": 1,
                    "value": "kfile://org.kustom.provider/bitmaps/tstorm.png"
                  },
                  "unknown": {
                    "index": 25,
                    "type": "BITMAP",
                    "title": "unknown",
                    "toggles": 1,
                    "value": "kfile://org.kustom.provider/bitmaps/unknown.png"
                  },
                  "windy-day": {
                    "index": 26,
                    "type": "BITMAP",
                    "title": "windy-day",
                    "toggles": 1,
                    "value": "kfile://org.kustom.provider/bitmaps/windy-day.png"
                  },
                  "windy-night": {
                    "index": 27,
                    "type": "BITMAP",
                    "title": "windy-night",
                    "toggles": 1,
                    "value": "kfile://org.kustom.provider/bitmaps/windy-night.png"
                  }
                },
                "internal_locked": "true",
                "position_padding_left": 375.0,
                "position_padding_bottom": 50.0,
                "viewgroup_items": [
                  {
                    "internal_type": "BitmapModule",
                    "internal_toggles": {
                      "bitmap_bitmap": 10,
                      "bitmap_width": 100,
                      "bitmap_rotate": 100,
                      "bitmap_alpha": 100
                    },
                    "internal_globals": {
                      "bitmap_width": "size",
                      "bitmap_rotate": "rotate",
                      "bitmap_alpha": "opacity"
                    },
                    "internal_formulas": {
                      "bitmap_bitmap": "$if(gv(icon)=tshower, if(ai(isday), gv(tshower-day), gv(tshower-night)), gv(icon)=shower, if(ai(isday), gv(showers-day), gv(showers-night)), gv(icon)=sleet, if(ai(isday), gv(sleet-day), gv(sleet-night)), gv(icon)=lsnow, if(ai(isday), gv(lsnow-day), gv(lsnow-night)), gv(icon)=snow, if(ai(isday), gv(snow-day), gv(snow-night)), gv(icon)=hail, if(ai(isday), gv(hail-day), gv(hail-night)), gv(icon)=fog, if(ai(isday), gv(fog-day), gv(fog-night)), gv(icon)=windy, if(ai(isday), gv(windy-day), gv(windy-night)), gv(icon)=pcloudy, if(ai(isday), gv(pcloudy-day), gv(pcloudy-night)), gv(icon)=clear, if(ai(isday), gv(clear-day), gv(clear-night)), gv(gv(icon)))$"
                    }
                  }
                ]
              }
            ]
          }
        ]
      }
    ]
  }
}