{
  "preset_info": {
    "archive": "",
    "author": "Yeswanth S ",
    "description": "",
    "email": "yeswanthshanmugam@gmail.com",
    "features": "LOCATION WEATHER FORECAST MUSIC TRAFFIC",
    "pflags": 0,
    "hash": null,
    "height": 1661,
    "id": "22adea96-a899-4d4e-8e4d-83f9d2d92256",
    "locked": false,
    "release": 378512316,
    "ts": 1748293994064,
    "title": "Cyber w5 v2",
    "version": 13,
    "width": 929,
    "xscreens": 0,
    "yscreens": 0
  },
  "preset_root": {
    "internal_type": "RootLayerModule",
    "globals_list": {
      "c1": {
        "index": 1,
        "type": "COLOR",
        "title": "C1",
        "value": "#FFFCF632"
      },
      "c2": {
        "index": 2,
        "type": "COLOR",
        "title": "C2",
        "value": "#FFF0EFFF"
      },
      "bg": {
        "index": 3,
        "type": "COLOR",
        "title": "Bg",
        "value": "#FF000000"
      }
    },
    "config_scale_value": 89.32693,
    "internal_events": [
      {
        "type": "SINGLE_TAP",
        "action": "KUSTOM_ACTION"
      }
    ],
    "viewgroup_items": [
      {
        "internal_type": "OverlapLayerModule",
        "position_offset_x": -10.0,
        "position_offset_y": -20.0,
        "viewgroup_items": [
          {
            "internal_type": "OverlapLayerModule",
            "position_padding_bottom": 800.0,
            "viewgroup_items": [
              {
                "internal_type": "ShapeModule",
                "shape_type": "PATH",
                "shape_width": 600.0,
                "shape_height": 600.0,
                "shape_path": "M 20 10 L 380 10 L 390 20 L 390 130 L 380 140 L 20 140 L 10 130 L 10 20 Z",
                "paint_style": "STROKE",
                "paint_color": "#FF00CFDA",
                "paint_stroke": 3.0,
                "fx_gradient": "HORIZONTAL",
                "fx_gradient_color": "#FFFD47BC",
                "fx_gradient_width": 6.0,
                "fx_gradient_offset": 67,
                "position_padding_top": 350.0,
                "internal_toggles": {
                  "paint_color": 100,
                  "fx_gradient_color": 100
                },
                "internal_globals": {
                  "paint_color": "c1",
                  "fx_gradient_color": "c2"
                }
              },
              {
                "internal_type": "StackLayerModule",
                "config_margin": 5.0,
                "viewgroup_items": [
                  {
                    "internal_type": "OverlapLayerModule",
                    "position_padding_top": 1.0,
                    "viewgroup_items": [
                      {
                        "internal_type": "TextModule",
                        "text_family": "kfile://org.kustom.provider/fonts/Aldrich.ttf",
                        "text_size": 80.0,
                        "position_padding_right": 240.0,
                        "paint_color": "#FF00CFDA",
                        "fx_gradient": "RADIAL",
                        "fx_gradient_bitmap": "kfile://org.kustom.provider/bitmaps/IMG61bd7efa431b1b8c454d9b5bf6fb37",
                        "paint_style": "STROKE",
                        "paint_stroke": 2.0,
                        "position_padding_bottom": 5.0,
                        "internal_toggles": {
                          "paint_color": 100,
                          "fx_gradient_color": 100
                        },
                        "internal_globals": {
                          "paint_color": "c1",
                          "fx_gradient_color": "bg"
                        }
                      },
                      {
                        "internal_type": "TextModule",
                        "text_family": "kfile://org.kustom.provider/fonts/Aldrich.ttf",
                        "text_size": 80.0,
                        "position_padding_right": 250.0,
                        "paint_color": "#FF00CFDA",
                        "position_padding_left": 7.0,
                        "position_padding_bottom": 7.0,
                        "internal_toggles": {
                          "paint_color": 100
                        },
                        "internal_globals": {
                          "paint_color": "c1"
                        }
                      }
                    ]
                  },
                  {
                    "internal_type": "TextModule",
                    "text_expression": "$df(EEE)$, $df(d MMM yy)$",
                    "text_family": "kfile://org.kustom.provider/fonts/Aldrich.ttf",
                    "text_size": 27.0,
                    "position_padding_left": 16.0,
                    "paint_color": "#FF00CFDA",
                    "internal_toggles": {
                      "paint_color": 100
                    },
                    "internal_globals": {
                      "paint_color": "c1"
                    }
                  }
                ]
              },
              {
                "internal_type": "OverlapLayerModule",
                "position_padding_left": 300.0,
                "viewgroup_items": [
                  {
                    "internal_type": "TextModule",
                    "text_expression": "BATTERY ",
                    "text_family": "kfile://org.kustom.provider/fonts/Aldrich.ttf",
                    "paint_color": "#FFFD47BC",
                    "position_padding_left": 10.0,
                    "position_padding_bottom": 90.0,
                    "internal_toggles": {
                      "paint_color": 100
                    },
                    "internal_globals": {
                      "paint_color": "c2"
                    }
                  },
                  {
                    "internal_type": "OverlapLayerModule",
                    "viewgroup_items": [
                      {
                        "internal_type": "TextModule",
                        "text_expression": "$bi(level)$%",
                        "text_family": "kfile://org.kustom.provider/fonts/Aldrich.ttf",
                        "text_size": 50.0,
                        "paint_color": "#FF00CFDA",
                        "fx_shadow_blur": 25,
                        "fx_shadow_direction": 1.0,
                        "fx_shadow_distance": 1.0,
                        "fx_shadow_color": "#FF00CFDA",
                        "position_padding_left": 27.0,
                        "fx_gradient": "RADIAL",
                        "internal_toggles": {
                          "paint_color": 100,
                          "fx_gradient_color": 100
                        },
                        "internal_globals": {
                          "paint_color": "c2",
                          "fx_gradient_color": "bg"
                        },
                        "position_padding_bottom": 2.0
                      },
                      {
                        "internal_type": "TextModule",
                        "text_expression": "$bi(level)$%",
                        "text_family": "kfile://org.kustom.provider/fonts/Aldrich.ttf",
                        "text_size": 50.0,
                        "paint_color": "#FF00CFDA",
                        "fx_shadow_blur": 25,
                        "fx_shadow_direction": 1.0,
                        "fx_shadow_distance": 1.0,
                        "fx_shadow_color": "#FF00CFDA",
                        "position_padding_bottom": 4.0,
                        "position_padding_left": 24.0,
                        "internal_toggles": {
                          "paint_color": 100
                        },
                        "internal_globals": {
                          "paint_color": "c2"
                        }
                      }
                    ]
                  },
                  {
                    "internal_type": "OverlapLayerModule",
                    "position_padding_bottom": 15.0,
                    "viewgroup_items": [
                      {
                        "internal_type": "OverlapLayerModule",
                        "viewgroup_items": [
                          {
                            "internal_type": "ShapeModule",
                            "shape_type": "PATH",
                            "shape_width": 155.0,
                            "shape_height": 226.0,
                            "shape_path": "M0 0 H400 L370 30 H0 Z",
                            "position_padding_left": 47.0,
                            "position_padding_top": 310.0,
                            "internal_toggles": {
                              "paint_color": 0
                            }
                          },
                          {
                            "internal_type": "ProgressModule",
                            "style_size": 155.0,
                            "color_fgcolor": "#FF00CFDA",
                            "color_bgcolor": "#FF000000",
                            "position_padding_left": 47.0,
                            "position_padding_top": 100.0,
                            "color_mode": "MULTIPLY",
                            "style_height": 19.0,
                            "internal_toggles": {
                              "color_fgcolor": 100,
                              "color_bgcolor": 100
                            },
                            "internal_globals": {
                              "color_fgcolor": "c2",
                              "color_bgcolor": "bg"
                            }
                          }
                        ]
                      },
                      {
                        "internal_type": "ShapeModule",
                        "shape_type": "PATH",
                        "shape_width": 160.0,
                        "shape_height": 280.0,
                        "shape_path": "M0 0 H400 V15 L380 30 H0 Z",
                        "paint_style": "STROKE",
                        "paint_color": "#FFFD47BC",
                        "paint_stroke": 2.0,
                        "position_padding_left": 47.0,
                        "position_padding_top": 359.0,
                        "internal_toggles": {
                          "paint_color": 100
                        },
                        "internal_globals": {
                          "paint_color": "c2"
                        }
                      }
                    ]
                  }
                ]
              }
            ]
          },
          {
            "internal_type": "OverlapLayerModule",
            "position_padding_bottom": 275.0,
            "viewgroup_items": [
              {
                "internal_type": "ShapeModule",
                "shape_type": "PATH",
                "shape_width": 600.0,
                "shape_height": 600.0,
                "shape_path": "M 20 10 L 380 10 L 390 20 L 390 130 L 380 140 L 20 140 L 10 130 L 10 20 Z",
                "paint_style": "STROKE",
                "paint_color": "#FF00CFDA",
                "paint_stroke": 3.0,
                "fx_gradient": "HORIZONTAL",
                "fx_gradient_color": "#FFFD47BC",
                "fx_gradient_width": 6.0,
                "fx_gradient_offset": 67,
                "position_padding_top": 368.0,
                "internal_toggles": {
                  "paint_color": 100,
                  "fx_gradient_color": 100
                },
                "internal_globals": {
                  "paint_color": "c1",
                  "fx_gradient_color": "c2"
                }
              },
              {
                "internal_type": "OverlapLayerModule",
                "position_padding_right": 325.0,
                "position_padding_bottom": 100.0,
                "viewgroup_items": [
                  {
                    "internal_type": "TextModule",
                    "text_expression": "$li(admin)$",
                    "text_family": "kfile://org.kustom.provider/fonts/Aldrich.ttf",
                    "text_size": 25.0,
                    "internal_toggles": {
                      "paint_color": 100
                    },
                    "internal_globals": {
                      "paint_color": "c1"
                    }
                  },
                  {
                    "internal_type": "TextModule",
                    "text_expression": "$wi(temp)$",
                    "text_family": "kfile://org.kustom.provider/fonts/Aldrich.ttf",
                    "text_size": 60.0,
                    "position_padding_right": 60.0,
                    "position_padding_top": 105.0,
                    "internal_toggles": {
                      "paint_color": 100
                    },
                    "internal_globals": {
                      "paint_color": "c1"
                    }
                  },
                  {
                    "internal_type": "TextModule",
                    "text_expression": "C",
                    "text_family": "kfile://org.kustom.provider/fonts/Aldrich.ttf",
                    "text_size": 25.0,
                    "position_padding_left": 50.0,
                    "position_padding_top": 75.0,
                    "internal_toggles": {
                      "paint_color": 100
                    },
                    "internal_globals": {
                      "paint_color": "c1"
                    }
                  },
                  {
                    "internal_type": "TextModule",
                    "text_expression": "$wf(icon, 0)$",
                    "text_family": "kfile://org.kustom.provider/fonts/Aldrich.ttf",
                    "text_size": 25.0,
                    "position_padding_left": 325.0,
                    "position_padding_top": 120.0,
                    "internal_toggles": {
                      "paint_color": 100
                    },
                    "internal_globals": {
                      "paint_color": "c1"
                    }
                  },
                  {
                    "internal_type": "ShapeModule",
                    "internal_toggles": {
                      "paint_color": 100,
                      "fx_gradient_color": 100
                    },
                    "internal_globals": {
                      "paint_color": "c2",
                      "fx_gradient_color": "c1"
                    },
                    "shape_type": "RECT",
                    "shape_width": 500.0,
                    "shape_height": 2.0,
                    "fx_gradient_offset": 52,
                    "position_padding_left": 325.0,
                    "position_padding_top": 175.0
                  }
                ]
              },
              {
                "internal_type": "StackLayerModule",
                "config_stacking": "HORIZONTAL_CENTER",
                "config_margin": 55.0,
                "position_padding_top": 125.0,
                "viewgroup_items": [
                  {
                    "internal_type": "TextModule",
                    "text_expression": "HUMIDITY",
                    "text_family": "kfile://org.kustom.provider/fonts/Aldrich.ttf",
                    "internal_toggles": {
                      "paint_color": 100
                    },
                    "internal_globals": {
                      "paint_color": "c2"
                    },
                    "text_filter": [
                      "CAP"
                    ]
                  },
                  {
                    "internal_type": "TextModule",
                    "text_family": "kfile://org.kustom.provider/fonts/Aldrich.ttf",
                    "text_expression": "$wi(hum)$%",
                    "internal_toggles": {
                      "paint_color": 100
                    },
                    "internal_globals": {
                      "paint_color": "c2"
                    }
                  },
                  {
                    "internal_type": "TextModule",
                    "text_family": "kfile://org.kustom.provider/fonts/Aldrich.ttf",
                    "text_expression": "$wi(wspeed)$ km/h",
                    "internal_toggles": {
                      "paint_color": 100
                    },
                    "internal_globals": {
                      "paint_color": "c2"
                    }
                  },
                  {
                    "internal_type": "TextModule",
                    "text_family": "kfile://org.kustom.provider/fonts/Aldrich.ttf",
                    "text_expression": "$li(neigh)$",
                    "internal_toggles": {
                      "paint_color": 100
                    },
                    "internal_globals": {
                      "paint_color": "c2"
                    },
                    "text_size_type": "FIXED_WIDTH",
                    "text_width": 120.0
                  }
                ]
              },
              {
                "internal_type": "OverlapLayerModule",
                "viewgroup_items": [
                  {
                    "internal_type": "KomponentModule",
                    "internal_title": "NeoMaterialY",
                    "globals_list": {
                      "icon": {
                        "index": 1,
                        "type": "LIST",
                        "title": "Icon",
                        "entries": "\"$wi(icon)$\"##Current,\"$wf(icon, 0)$\"##Today Forecast,\"$wf(icon, 1)$\"##Tomorrow Forecast,\"$wf(icon, 2)$\"##2 Days Forecast,\"$wf(icon, 3)$\"##3 Days Forecast,\"$wf(icon, 4)$\"##4 Days Forecast,\"$wf(icon, 5)$\"##5 Days Forecast,\"$wf(icon, 6)$\"##6 Days Forecast,\"$wf(icon, 7)$\"##7 Days Forecast,\"$wf(icon, 8)$\"##8 Days Forecast,\"$wf(icon, 9)$\"##9 Days Forecast",
                        "value": "$wf(icon, 0)$"
                      },
                      "nightico": {
                        "index": 2,
                        "type": "SWITCH",
                        "title": "NightIco",
                        "value": 1
                      },
                      "opacity": {
                        "index": 3,
                        "type": "NUMBER",
                        "title": "Opacity",
                        "min": 0,
                        "max": 100,
                        "value": 100
                      },
                      "size": {
                        "index": 4,
                        "type": "NUMBER",
                        "title": "Size",
                        "min": 10,
                        "max": 720,
                        "value": 170.0
                      },
                      "rotate": {
                        "index": 5,
                        "type": "NUMBER",
                        "title": "Rotate",
                        "min": 0,
                        "max": 359
                      },
                      "clear-day": {
                        "index": 10,
                        "type": "BITMAP",
                        "title": "clear-day",
                        "toggles": 1,
                        "value": "kfile://org.kustom.provider/bitmaps/clear-day.png"
                      },
                      "clear-night": {
                        "index": 10,
                        "type": "BITMAP",
                        "title": "clear-night",
                        "toggles": 1,
                        "value": "kfile://org.kustom.provider/bitmaps/clear-night.png"
                      },
                      "fog-day": {
                        "index": 10,
                        "type": "BITMAP",
                        "title": "fog-day",
                        "toggles": 1,
                        "value": "kfile://org.kustom.provider/bitmaps/fog-day.png"
                      },
                      "fog-night": {
                        "index": 10,
                        "type": "BITMAP",
                        "title": "fog-night",
                        "toggles": 1,
                        "value": "kfile://org.kustom.provider/bitmaps/fog-night.png"
                      },
                      "hail-day": {
                        "index": 10,
                        "type": "BITMAP",
                        "title": "hail-day",
                        "toggles": 1,
                        "value": "kfile://org.kustom.provider/bitmaps/hail-day.png"
                      },
                      "hail-night": {
                        "index": 10,
                        "type": "BITMAP",
                        "title": "hail-night",
                        "toggles": 1,
                        "value": "kfile://org.kustom.provider/bitmaps/hail-night.png"
                      },
                      "lsnow-day": {
                        "index": 10,
                        "type": "BITMAP",
                        "title": "lsnow-day",
                        "toggles": 1,
                        "value": "kfile://org.kustom.provider/bitmaps/lsnow-day.png"
                      },
                      "lsnow-night": {
                        "index": 10,
                        "type": "BITMAP",
                        "title": "lsnow-night",
                        "toggles": 1,
                        "value": "kfile://org.kustom.provider/bitmaps/lsnow-night.png"
                      },
                      "mcloudy": {
                        "index": 11,
                        "type": "BITMAP",
                        "title": "mcloudy",
                        "toggles": 1,
                        "value": "kfile://org.kustom.provider/bitmaps/mcloudy.png"
                      },
                      "pcloudy-day": {
                        "index": 12,
                        "type": "BITMAP",
                        "title": "pcloudy-day",
                        "toggles": 1,
                        "value": "kfile://org.kustom.provider/bitmaps/pcloudy-day.png"
                      },
                      "pcloudy-night": {
                        "index": 13,
                        "type": "BITMAP",
                        "title": "pcloudy-night",
                        "toggles": 1,
                        "value": "kfile://org.kustom.provider/bitmaps/pcloudy-night.png"
                      },
                      "rain": {
                        "index": 14,
                        "type": "BITMAP",
                        "title": "rain",
                        "toggles": 1,
                        "value": "kfile://org.kustom.provider/bitmaps/rain.png"
                      },
                      "showers-day": {
                        "index": 15,
                        "type": "BITMAP",
                        "title": "showers-day",
                        "toggles": 1,
                        "value": "kfile://org.kustom.provider/bitmaps/showers-day.png"
                      },
                      "showers-night": {
                        "index": 16,
                        "type": "BITMAP",
                        "title": "showers-night",
                        "toggles": 1,
                        "value": "kfile://org.kustom.provider/bitmaps/showers-night.png"
                      },
                      "sleet-day": {
                        "index": 17,
                        "type": "BITMAP",
                        "title": "sleet-day",
                        "toggles": 1,
                        "value": "kfile://org.kustom.provider/bitmaps/sleet-day.png"
                      },
                      "sleet-night": {
                        "index": 18,
                        "type": "BITMAP",
                        "title": "sleet-night",
                        "toggles": 1,
                        "value": "kfile://org.kustom.provider/bitmaps/sleet-night.png"
                      },
                      "snow-day": {
                        "index": 19,
                        "type": "BITMAP",
                        "title": "snow-day",
                        "toggles": 1,
                        "value": "kfile://org.kustom.provider/bitmaps/snow-day.png"
                      },
                      "snow-night": {
                        "index": 20,
                        "type": "BITMAP",
                        "title": "snow-night",
                        "toggles": 1,
                        "value": "kfile://org.kustom.provider/bitmaps/snow-night.png"
                      },
                      "tornado": {
                        "index": 21,
                        "type": "BITMAP",
                        "title": "tornado",
                        "toggles": 1,
                        "value": "kfile://org.kustom.provider/bitmaps/tornado.png"
                      },
                      "tshower-day": {
                        "index": 22,
                        "type": "BITMAP",
                        "title": "tshower-day",
                        "toggles": 1,
                        "value": "kfile://org.kustom.provider/bitmaps/tshower-day.png"
                      },
                      "tshower-night": {
                        "index": 23,
                        "type": "BITMAP",
                        "title": "tshower-night",
                        "toggles": 1,
                        "value": "kfile://org.kustom.provider/bitmaps/tshower-night.png"
                      },
                      "tstorm": {
                        "index": 24,
                        "type": "BITMAP",
                        "title": "tstorm",
                        "toggles": 1,
                        "value": "kfile://org.kustom.provider/bitmaps/tstorm.png"
                      },
                      "unknown": {
                        "index": 25,
                        "type": "BITMAP",
                        "title": "unknown",
                        "toggles": 1,
                        "value": "kfile://org.kustom.provider/bitmaps/unknown.png"
                      },
                      "windy-day": {
                        "index": 26,
                        "type": "BITMAP",
                        "title": "windy-day",
                        "toggles": 1,
                        "value": "kfile://org.kustom.provider/bitmaps/windy-day.png"
                      },
                      "windy-night": {
                        "index": 27,
                        "type": "BITMAP",
                        "title": "windy-night",
                        "toggles": 1,
                        "value": "kfile://org.kustom.provider/bitmaps/windy-night.png"
                      }
                    },
                    "internal_locked": "true",
                    "position_padding_left": 375.0,
                    "position_padding_bottom": 50.0,
                    "viewgroup_items": [
                      {
                        "internal_type": "BitmapModule",
                        "internal_toggles": {
                          "bitmap_bitmap": 10,
                          "bitmap_width": 100,
                          "bitmap_rotate": 100,
                          "bitmap_alpha": 100
                        },
                        "internal_globals": {
                          "bitmap_width": "size",
                          "bitmap_rotate": "rotate",
                          "bitmap_alpha": "opacity"
                        },
                        "internal_formulas": {
                          "bitmap_bitmap": "$if(gv(icon)=tshower, if(ai(isday), gv(tshower-day), gv(tshower-night)), gv(icon)=shower, if(ai(isday), gv(showers-day), gv(showers-night)), gv(icon)=sleet, if(ai(isday), gv(sleet-day), gv(sleet-night)), gv(icon)=lsnow, if(ai(isday), gv(lsnow-day), gv(lsnow-night)), gv(icon)=snow, if(ai(isday), gv(snow-day), gv(snow-night)), gv(icon)=hail, if(ai(isday), gv(hail-day), gv(hail-night)), gv(icon)=fog, if(ai(isday), gv(fog-day), gv(fog-night)), gv(icon)=windy, if(ai(isday), gv(windy-day), gv(windy-night)), gv(icon)=pcloudy, if(ai(isday), gv(pcloudy-day), gv(pcloudy-night)), gv(icon)=clear, if(ai(isday), gv(clear-day), gv(clear-night)), gv(gv(icon)))$"
                        }
                      }
                    ]
                  }
                ]
              }
            ]
          },
          {
            "internal_type": "OverlapLayerModule",
            "position_padding_top": 725.0,
            "viewgroup_items": [
              {
                "internal_type": "OverlapLayerModule",
                "viewgroup_items": [
                  {
                    "internal_type": "ShapeModule",
                    "shape_type": "PATH",
                    "shape_width": 600.0,
                    "shape_height": 600.0,
                    "shape_path": "M 20 10 L 380 10 L 390 20 L 390 130 L 380 140 L 20 140 L 10 130 L 10 20 Z",
                    "paint_style": "STROKE",
                    "paint_stroke": 3.0,
                    "fx_gradient_color": "#FFFD47BC",
                    "fx_gradient_width": 6.0,
                    "fx_gradient_offset": 67,
                    "position_padding_top": 370.0,
                    "internal_toggles": {
                      "paint_color": 0,
                      "fx_gradient_color": 100
                    },
                    "internal_globals": {
                      "paint_color": "c1",
                      "fx_gradient_color": "c2"
                    }
                  },
                  {
                    "internal_type": "ProgressModule",
                    "internal_toggles": {
                      "color_fgcolor": 100,
                      "color_bgcolor": 100
                    },
                    "internal_globals": {
                      "color_fgcolor": "c1",
                      "color_bgcolor": "c2"
                    },
                    "progress_progress": "MUSIC",
                    "color_mode": "MULTIPLY",
                    "style_size": 594.0,
                    "style_height": 212.0,
                    "position_padding_left": 15.0
                  }
                ]
              },
              {
                "internal_type": "OverlapLayerModule",
                "viewgroup_items": [
                  {
                    "internal_type": "OverlapLayerModule",
                    "position_padding_top": 25.0,
                    "position_padding_right": 25.0,
                    "internal_events": [
                      {
                        "type": "SINGLE_TAP",
                        "action": "NONE"
                      }
                    ],
                    "viewgroup_items": [
                      {
                        "internal_type": "ShapeModule",
                        "shape_type": "PATH",
                        "shape_width": 220.0,
                        "shape_height": 300.0,
                        "shape_path": "M7 50a2 2 0 1 0-4 0 2 2 0 1 0 4 0m6 0a2 2 0 1 0-4 0 2 2 0 1 0 4 0m4-2a1.5 1.5 0 0 1 3 0v4a1.5 1.5 0 0 1-3 0zm6-2a1.5 1.5 0 0 1 3 0v8a1.5 1.5 0 0 1-3 0zm6-3a1.5 1.5 0 0 1 3 0v14a1.5 1.5 0 0 1-3 0zm6-3a1.5 1.5 0 0 1 3 0v20a1.5 1.5 0 0 1-3 0zm6-4a1.5 1.5 0 0 1 3 0v28a1.5 1.5 0 0 1-3 0zm6-3a1.5 1.5 0 0 1 3 0v34a1.5 1.5 0 0 1-3 0zm6 3a1.5 1.5 0 0 1 3 0v28a1.5 1.5 0 0 1-3 0zm6 4a1.5 1.5 0 0 1 3 0v20a1.5 1.5 0 0 1-3 0zm6 3a1.5 1.5 0 0 1 3 0v14a1.5 1.5 0 0 1-3 0zm6 5a1.5 1.5 0 0 1 3 0v4a1.5 1.5 0 0 1-3 0zm6-4a1.5 1.5 0 0 1 3 0v12a1.5 1.5 0 0 1-3 0zm6 2a1.5 1.5 0 0 1 3 0v8a1.5 1.5 0 0 1-3 0zm6 2a1.5 1.5 0 0 1 3 0v4a1.5 1.5 0 0 1-3 0zm6-1a1.5 1.5 0 0 1 3 0v6a1.5 1.5 0 0 1-3 0zm6-5a1.5 1.5 0 0 1 3 0v16a1.5 1.5 0 0 1-3 0zm6-4a1.5 1.5 0 0 1 3 0v24a1.5 1.5 0 0 1-3 0zm6 5a1.5 1.5 0 0 1 3 0v14a1.5 1.5 0 0 1-3 0zm6 3a1.5 1.5 0 0 1 3 0v8a1.5 1.5 0 0 1-3 0zm6 2a1.5 1.5 0 0 1 3 0v4a1.5 1.5 0 0 1-3 0zm4 2a2 2 0 1 0 4 0 2 2 0 1 0-4 0m6 0a2 2 0 1 0 4 0 2 2 0 1 0-4 0m8-2a1.5 1.5 0 0 1 1.5-1.5A1.5 1.5 0 0 1 146 48v4a1.5 1.5 0 0 1-1.5 1.5A1.5 1.5 0 0 1 143 52zm6-2a1.5 1.5 0 0 1 1.5-1.5A1.5 1.5 0 0 1 152 46v8a1.5 1.5 0 0 1-1.5 1.5A1.5 1.5 0 0 1 149 54zm6-3a1.5 1.5 0 0 1 1.5-1.5A1.5 1.5 0 0 1 158 43v14a1.5 1.5 0 0 1-1.5 1.5A1.5 1.5 0 0 1 155 57zm6-3a1.5 1.5 0 0 1 1.5-1.5A1.5 1.5 0 0 1 164 40v20a1.5 1.5 0 0 1-1.5 1.5A1.5 1.5 0 0 1 161 60zm6-4a1.5 1.5 0 0 1 1.5-1.5A1.5 1.5 0 0 1 170 36v28a1.5 1.5 0 0 1-1.5 1.5A1.5 1.5 0 0 1 167 64zm6-3a1.5 1.5 0 0 1 1.5-1.5A1.5 1.5 0 0 1 176 33v34a1.5 1.5 0 0 1-1.5 1.5A1.5 1.5 0 0 1 173 67zm6 3a1.5 1.5 0 0 1 1.5-1.5A1.5 1.5 0 0 1 182 36v28a1.5 1.5 0 0 1-1.5 1.5A1.5 1.5 0 0 1 179 64zm6 4a1.5 1.5 0 0 1 1.5-1.5A1.5 1.5 0 0 1 188 40v20a1.5 1.5 0 0 1-1.5 1.5A1.5 1.5 0 0 1 185 60zm6 3a1.5 1.5 0 0 1 1.5-1.5A1.5 1.5 0 0 1 194 43v14a1.5 1.5 0 0 1-1.5 1.5A1.5 1.5 0 0 1 191 57zm6 5a1.5 1.5 0 0 1 1.5-1.5A1.5 1.5 0 0 1 200 48v4a1.5 1.5 0 0 1-1.5 1.5A1.5 1.5 0 0 1 197 52zm6-4a1.5 1.5 0 0 1 1.5-1.5A1.5 1.5 0 0 1 206 44v12a1.5 1.5 0 0 1-1.5 1.5A1.5 1.5 0 0 1 203 56zm6 2a1.5 1.5 0 0 1 1.5-1.5A1.5 1.5 0 0 1 212 46v8a1.5 1.5 0 0 1-1.5 1.5A1.5 1.5 0 0 1 209 54zm6 2a1.5 1.5 0 0 1 1.5-1.5A1.5 1.5 0 0 1 218 48v4a1.5 1.5 0 0 1-1.5 1.5A1.5 1.5 0 0 1 215 52zm6-1a1.5 1.5 0 0 1 1.5-1.5A1.5 1.5 0 0 1 224 47v6a1.5 1.5 0 0 1-1.5 1.5A1.5 1.5 0 0 1 221 53zm6 0a1.5 1.5 0 0 1 1.5-1.5A1.5 1.5 0 0 1 230 47v6a1.5 1.5 0 0 1-1.5 1.5A1.5 1.5 0 0 1 227 53zm6 0a1.5 1.5 0 0 1 1.5-1.5A1.5 1.5 0 0 1 236 47v6a1.5 1.5 0 0 1-1.5 1.5A1.5 1.5 0 0 1 233 53zm6 1a1.5 1.5 0 0 1 1.5-1.5A1.5 1.5 0 0 1 242 48v4a1.5 1.5 0 0 1-1.5 1.5A1.5 1.5 0 0 1 239 52zm6 0a1.5 1.5 0 0 1 1.5-1.5A1.5 1.5 0 0 1 248 48v4a1.5 1.5 0 0 1-1.5 1.5A1.5 1.5 0 0 1 245 52zm6 0a1.5 1.5 0 0 1 1.5-1.5A1.5 1.5 0 0 1 254 48v4a1.5 1.5 0 0 1-1.5 1.5A1.5 1.5 0 0 1 251 52zm6-1a1.5 1.5 0 0 1 1.5-1.5A1.5 1.5 0 0 1 260 47v6a1.5 1.5 0 0 1-1.5 1.5A1.5 1.5 0 0 1 257 53zm6 0a1.5 1.5 0 0 1 1.5-1.5A1.5 1.5 0 0 1 266 47v6a1.5 1.5 0 0 1-1.5 1.5A1.5 1.5 0 0 1 263 53zm6 3a2 2 0 1 0 4 0 2 2 0 1 0-4 0m6 0a2 2 0 1 0 4 0 2 2 0 1 0-4 0m6 0a2 2 0 1 0 4 0 2 2 0 1 0-4 0m6 0a2 2 0 1 0 4 0 2 2 0 1 0-4 0",
                        "position_padding_top": 275.0
                      },
                      {
                        "internal_type": "ProgressModule",
                        "internal_toggles": {
                          "color_fgcolor": 100,
                          "color_bgcolor": 100
                        },
                        "internal_globals": {
                          "color_fgcolor": "c1",
                          "color_bgcolor": "c2"
                        },
                        "progress_progress": "MUSIC",
                        "style_size": 220.0,
                        "color_mode": "MULTIPLY",
                        "style_height": 55.0,
                        "position_padding_top": 79.0
                      }
                    ]
                  },
                  {
                    "internal_type": "OverlapLayerModule",
                    "position_anchor": "CENTERLEFT",
                    "position_padding_right": 150.0,
                    "viewgroup_items": [
                      {
                        "internal_type": "StackLayerModule",
                        "config_margin": 15.0,
                        "position_anchor": "CENTERLEFT",
                        "position_padding_bottom": 50.0,
                        "position_padding_left": 10.0,
                        "viewgroup_items": [
                          {
                            "internal_type": "TextModule",
                            "text_expression": "$mi(title)$",
                            "text_family": "kfile://org.kustom.provider/fonts/Aldrich.ttf",
                            "text_size_type": "FIXED_WIDTH",
                            "text_lines": 1.0,
                            "text_width": 380.0,
                            "text_filter": [
                              "UP"
                            ]
                          },
                          {
                            "internal_type": "TextModule",
                            "text_expression": "$mi(artist)$",
                            "text_family": "kfile://org.kustom.provider/fonts/Aldrich.ttf",
                            "text_size_type": "FIXED_WIDTH",
                            "text_lines": 1.0,
                            "text_width": 360.0,
                            "text_filter": [
                              "UP"
                            ],
                            "text_size": 16.0
                          }
                        ]
                      },
                      {
                        "internal_type": "StackLayerModule",
                        "config_stacking": "HORIZONTAL_CENTER",
                        "config_margin": 10.0,
                        "position_padding_top": 100.0,
                        "position_anchor": "CENTERLEFT",
                        "viewgroup_items": [
                          {
                            "internal_type": "FontIconModule",
                            "icon_set": "kfile://org.kustom.provider/icons/entypo.ttf",
                            "icon_icon": "chevron-small-left",
                            "icon_size": 40.0,
                            "internal_toggles": {
                              "paint_color": 100
                            },
                            "internal_globals": {
                              "paint_color": "base"
                            },
                            "internal_events": [
                              {
                                "type": "SINGLE_TAP",
                                "action": "MUSIC",
                                "music_action": "PREVIOUS"
                              }
                            ]
                          },
                          {
                            "internal_type": "OverlapLayerModule",
                            "internal_events": [
                              {
                                "type": "SINGLE_TAP",
                                "action": "MUSIC"
                              }
                            ],
                            "viewgroup_items": [
                              {
                                "internal_type": "OverlapLayerModule",
                                "internal_toggles": {
                                  "config_visible": 10
                                },
                                "viewgroup_items": [
                                  {
                                    "internal_type": "FontIconModule",
                                    "icon_set": "kfile://org.kustom.provider/widgets/Horimiya.kwgt/icons/fontawesome.ttf",
                                    "icon_icon": "heart-o",
                                    "icon_size": 20.0,
                                    "internal_toggles": {
                                      "paint_color": 100,
                                      "fx_gradient_color": 100
                                    },
                                    "internal_globals": {
                                      "paint_color": "c1",
                                      "fx_gradient_color": "c2"
                                    }
                                  }
                                ]
                              },
                              {
                                "internal_type": "OverlapLayerModule",
                                "internal_toggles": {
                                  "config_visible": 10
                                },
                                "internal_formulas": {
                                  "config_visible": "$if(mi(state)=paused , remove , always)$"
                                },
                                "viewgroup_items": [
                                  {
                                    "internal_type": "FontIconModule",
                                    "icon_set": "kfile://org.kustom.provider/widgets/Horimiya.kwgt/icons/fontawesome.ttf",
                                    "icon_icon": "heart",
                                    "icon_size": 20.0,
                                    "internal_toggles": {
                                      "paint_color": 100,
                                      "fx_gradient_color": 100
                                    },
                                    "internal_globals": {
                                      "paint_color": "c1",
                                      "fx_gradient_color": "c2"
                                    }
                                  }
                                ]
                              }
                            ]
                          },
                          {
                            "internal_type": "FontIconModule",
                            "icon_set": "kfile://org.kustom.provider/icons/entypo.ttf",
                            "icon_icon": "chevron-small-right",
                            "icon_size": 40.0,
                            "internal_toggles": {
                              "paint_color": 100
                            },
                            "internal_globals": {
                              "paint_color": "base"
                            },
                            "internal_events": [
                              {
                                "type": "SINGLE_TAP",
                                "action": "MUSIC",
                                "music_action": "NEXT"
                              }
                            ]
                          }
                        ]
                      }
                    ]
                  }
                ]
              },
              {
                "internal_type": "OverlapLayerModule",
                "position_offset_x": 210.0,
                "internal_toggles": {
                  "config_visible": 10,
                  "config_alpha": 0
                },
                "internal_formulas": {
                  "config_alpha": "$if(mi(state)=1,100,0)$\n\n",
                  "config_visible": "$if(mi(state)=\"PLAYING\", always, never)$"
                },
                "position_padding_left": 400.0,
                "viewgroup_items": [
                  {
                    "internal_type": "ShapeModule",
                    "internal_toggles": {
                      "paint_color": 0,
                      "fx_gradient_bitmap": 10,
                      "shape_rotate_mode": 0,
                      "shape_rotate_offset": 10
                    },
                    "internal_globals": {
                      "paint_color": "c2"
                    },
                    "shape_width": 148.0,
                    "shape_type": "CIRCLE",
                    "shape_height": 150.0,
                    "shape_path": "M70 2a68 68 0 1 1-.01 0Zm0 48a20 20 0 1 1-.01 0Zm0 16a4 4 0 1 1-.01 0Zm60 4a60 60 0 0 1-60 60m0-120a60 60 0 0 1 60 60m-20 0a40 40 0 0 1-40 40",
                    "paint_stroke": 2.0,
                    "internal_formulas": {
                      "fx_gradient_bitmap": "$mi(cover)$",
                      "shape_rotate_mode": "",
                      "shape_rotate_offset": "$df(ss)*6$"
                    },
                    "shape_rotate_mode": "MANUAL",
                    "fx_gradient_bitmap": "kfile://org.kustom.provider/bitmaps/IMGfce6d5f9b33a795c673bc0fc8fdb8a22",
                    "fx_gradient": "BITMAP",
                    "fx_bitmap_dim": 35.0,
                    "fx_bitmap_filter": "DARKEN",
                    "fx_bitmap_filter_amount": 10.0
                  },
                  {
                    "internal_type": "ShapeModule",
                    "internal_toggles": {
                      "paint_color": 100,
                      "fx_gradient_bitmap": 0,
                      "shape_rotate_mode": 0,
                      "shape_rotate_offset": 10
                    },
                    "internal_globals": {
                      "paint_color": "c2"
                    },
                    "shape_width": 150.0,
                    "paint_style": "STROKE",
                    "shape_type": "PATH",
                    "shape_height": 150.0,
                    "shape_path": "M70 2a68 68 0 1 1-.01 0Zm0 48a20 20 0 1 1-.01 0Zm0 16a4 4 0 1 1-.01 0Zm40 4a40 40 0 0 1-40 40",
                    "paint_stroke": 3.0,
                    "internal_formulas": {
                      "fx_gradient_bitmap": "$mi(cover)$",
                      "shape_rotate_mode": "",
                      "shape_rotate_offset": "$df(ss)*6$"
                    },
                    "shape_rotate_mode": "MANUAL",
                    "fx_gradient_bitmap": "kfile://org.kustom.provider/bitmaps/IMGfce6d5f9b33a795c673bc0fc8fdb8a22",
                    "paint_color": "#A4FFF500"
                  }
                ]
              },
              {
                "internal_type": "OverlapLayerModule",
                "position_offset_x": 210.0,
                "internal_toggles": {
                  "config_visible": 10,
                  "config_alpha": 0
                },
                "internal_formulas": {
                  "config_alpha": "$if(mi(state)=1,100,0)$\n\n",
                  "config_visible": "$if(mi(state)!=\"PLAYING\", always, never)$"
                },
                "position_anchor": "CENTERRIGHT",
                "viewgroup_items": [
                  {
                    "internal_type": "ShapeModule",
                    "internal_toggles": {
                      "paint_color": 100,
                      "fx_gradient_bitmap": 0,
                      "shape_rotate_mode": 0,
                      "shape_rotate_offset": 10
                    },
                    "internal_globals": {
                      "paint_color": "c2"
                    },
                    "shape_width": 130.0,
                    "paint_style": "STROKE",
                    "shape_type": "PATH",
                    "shape_height": 130.0,
                    "shape_path": "M70 2a68 68 0 1 1-.01 0Zm0 48a20 20 0 1 1-.01 0Zm0 16a4 4 0 1 1-.01 0Zm40 4a40 40 0 0 1-40 40",
                    "paint_stroke": 3.0,
                    "internal_formulas": {
                      "fx_gradient_bitmap": "$mi(cover)$",
                      "shape_rotate_mode": "",
                      "shape_rotate_offset": "$df(ss)*6$"
                    },
                    "fx_gradient_bitmap": "kfile://org.kustom.provider/bitmaps/IMGfce6d5f9b33a795c673bc0fc8fdb8a22",
                    "paint_color": "#A4FFF500",
                    "position_padding_bottom": 25.0,
                    "position_padding_right": 20.0
                  },
                  {
                    "internal_type": "TextModule",
                    "text_expression": "STOPPED PLAYING",
                    "text_family": "kfile://org.kustom.provider/fonts/JetBrains Mono.ttf",
                    "text_size": 15.0,
                    "position_padding_top": 175.0,
                    "position_padding_bottom": 25.0,
                    "position_padding_right": 20.0
                  }
                ]
              }
            ]
          },
          {
            "internal_type": "OverlapLayerModule",
            "position_offset_x": 5.0,
            "position_padding_top": 225.0,
            "viewgroup_items": [
              {
                "internal_type": "StackLayerModule",
                "config_stacking": "HORIZONTAL_CENTER",
                "config_margin": 20.0,
                "position_padding_left": 10.0,
                "viewgroup_items": [
                  {
                    "internal_type": "OverlapLayerModule",
                    "viewgroup_items": [
                      {
                        "internal_type": "ShapeModule",
                        "shape_type": "PATH",
                        "shape_width": 280.0,
                        "shape_height": 280.0,
                        "shape_path": "M20 0 H130 A10 10 0 0 1 140 10 V70 L130 80 H20 A10 10 0 0 1 10 70 V10 L20 0 Z",
                        "paint_style": "STROKE",
                        "paint_stroke": 3.0,
                        "position_padding_top": 125.0,
                        "shape_rotate_mode": "FLIP_Y",
                        "shape_rotate_offset": 180.0,
                        "internal_toggles": {
                          "paint_color": 100
                        },
                        "internal_globals": {
                          "paint_color": "c1"
                        }
                      },
                      {
                        "internal_type": "OverlapLayerModule",
                        "viewgroup_items": [
                          {
                            "internal_type": "StackLayerModule",
                            "config_margin": 10.0,
                            "position_anchor": "CENTERLEFT",
                            "viewgroup_items": [
                              {
                                "internal_type": "TextModule",
                                "text_expression": "Network Info",
                                "text_family": "kfile://org.kustom.provider/fonts/JetBrains Mono.ttf",
                                "internal_toggles": {
                                  "paint_color": 100
                                },
                                "internal_globals": {
                                  "paint_color": "c1"
                                }
                              },
                              {
                                "internal_type": "StackLayerModule",
                                "config_stacking": "HORIZONTAL_CENTER",
                                "config_margin": -10.0,
                                "viewgroup_items": [
                                  {
                                    "internal_type": "StackLayerModule",
                                    "config_stacking": "HORIZONTAL_CENTER",
                                    "position_padding_right": 2.0,
                                    "viewgroup_items": [
                                      {
                                        "internal_type": "FontIconModule",
                                        "icon_icon": "keyboard_arrow_down",
                                        "icon_size": 20.0,
                                        "internal_toggles": {
                                          "paint_color": 100
                                        },
                                        "internal_globals": {
                                          "paint_color": "c1"
                                        }
                                      },
                                      {
                                        "internal_type": "TextModule",
                                        "text_expression": "$ts(trx)$",
                                        "text_family": "kfile://org.kustom.provider/fonts/JetBrains Mono.ttf",
                                        "text_size_type": "FIXED_WIDTH",
                                        "text_width": 100.0,
                                        "text_size": 16.0,
                                        "internal_toggles": {
                                          "paint_color": 100
                                        },
                                        "internal_globals": {
                                          "paint_color": "c2"
                                        }
                                      }
                                    ]
                                  },
                                  {
                                    "internal_type": "StackLayerModule",
                                    "config_stacking": "HORIZONTAL_CENTER",
                                    "position_padding_right": 2.0,
                                    "viewgroup_items": [
                                      {
                                        "internal_type": "FontIconModule",
                                        "icon_icon": "arrow_drop_up",
                                        "icon_size": 20.0,
                                        "internal_toggles": {
                                          "paint_color": 100
                                        },
                                        "internal_globals": {
                                          "paint_color": "c1"
                                        }
                                      },
                                      {
                                        "internal_type": "TextModule",
                                        "text_expression": "$ts(ttx)$",
                                        "text_family": "kfile://org.kustom.provider/fonts/JetBrains Mono.ttf",
                                        "text_size_type": "FIXED_WIDTH",
                                        "text_width": 101.0,
                                        "text_size": 16.0,
                                        "internal_toggles": {
                                          "paint_color": 100
                                        },
                                        "internal_globals": {
                                          "paint_color": "c2"
                                        },
                                        "text_lines": 1.0
                                      }
                                    ]
                                  }
                                ]
                              },
                              {
                                "internal_type": "TextModule",
                                "text_expression": "System Info",
                                "text_family": "kfile://org.kustom.provider/fonts/JetBrains Mono.ttf",
                                "internal_toggles": {
                                  "paint_color": 100
                                },
                                "internal_globals": {
                                  "paint_color": "c1"
                                }
                              },
                              {
                                "internal_type": "StackLayerModule",
                                "config_stacking": "HORIZONTAL_CENTER",
                                "viewgroup_items": [
                                  {
                                    "internal_type": "StackLayerModule",
                                    "config_stacking": "HORIZONTAL_CENTER",
                                    "viewgroup_items": [
                                      {
                                        "internal_type": "TextModule",
                                        "text_expression": "CPU: $rm(cused)$%",
                                        "text_family": "kfile://org.kustom.provider/fonts/JetBrains Mono.ttf",
                                        "text_size_type": "FIXED_WIDTH",
                                        "text_width": 100.0,
                                        "text_size": 17.0,
                                        "internal_toggles": {
                                          "paint_color": 100
                                        },
                                        "internal_globals": {
                                          "paint_color": "c2"
                                        }
                                      }
                                    ]
                                  },
                                  {
                                    "internal_type": "StackLayerModule",
                                    "config_stacking": "HORIZONTAL_CENTER",
                                    "viewgroup_items": [
                                      {
                                        "internal_type": "TextModule",
                                        "text_expression": "RAM: $mu(round, rm(mused)/1000, 2)$ GB",
                                        "text_family": "kfile://org.kustom.provider/fonts/JetBrains Mono.ttf",
                                        "text_size_type": "FIXED_WIDTH",
                                        "text_width": 120.0,
                                        "text_size": 17.0,
                                        "internal_toggles": {
                                          "paint_color": 100
                                        },
                                        "internal_globals": {
                                          "paint_color": "c2"
                                        }
                                      }
                                    ]
                                  }
                                ]
                              }
                            ]
                          }
                        ]
                      }
                    ]
                  },
                  {
                    "internal_type": "OverlapLayerModule",
                    "viewgroup_items": [
                      {
                        "internal_type": "ShapeModule",
                        "shape_type": "PATH",
                        "shape_width": 280.0,
                        "shape_height": 280.0,
                        "shape_path": "M20 0 H130 A10 10 0 0 1 140 10 V70 L130 80 H20 A10 10 0 0 1 10 70 V10 L20 0 Z",
                        "paint_style": "STROKE",
                        "paint_stroke": 3.0,
                        "position_padding_top": 125.0,
                        "shape_rotate_offset": 180.0,
                        "internal_toggles": {
                          "paint_color": 100
                        },
                        "internal_globals": {
                          "paint_color": "c2"
                        }
                      },
                      {
                        "internal_type": "StackLayerModule",
                        "config_margin": 25.0,
                        "position_anchor": "CENTERRIGHT",
                        "viewgroup_items": [
                          {
                            "internal_type": "StackLayerModule",
                            "config_stacking": "HORIZONTAL_CENTER",
                            "viewgroup_items": [
                              {
                                "internal_type": "StackLayerModule",
                                "config_stacking": "HORIZONTAL_CENTER",
                                "position_padding_right": 2.0,
                                "config_margin": 3.0,
                                "internal_events": [
                                  {
                                    "type": "SINGLE_TAP",
                                    "action": "LAUNCH_APP",
                                    "intent": "intent:#Intent;action=android.intent.action.MAIN;category=android.intent.category.LAUNCHER;component=com.metrolist.music/.MainActivity;S.org.kustom.intent.label=Metrolist;end"
                                  }
                                ],
                                "viewgroup_items": [
                                  {
                                    "internal_type": "FontIconModule",
                                    "icon_icon": "fiber_manual_record",
                                    "icon_size": 16.0,
                                    "internal_toggles": {
                                      "paint_color": 100
                                    },
                                    "internal_globals": {
                                      "paint_color": "c1"
                                    }
                                  },
                                  {
                                    "internal_type": "TextModule",
                                    "text_expression": "Spotify",
                                    "text_family": "kfile://org.kustom.provider/fonts/JetBrains Mono.ttf",
                                    "text_size_type": "FIXED_WIDTH",
                                    "text_width": 100.0,
                                    "text_size": 16.0,
                                    "internal_toggles": {
                                      "paint_color": 100
                                    },
                                    "internal_globals": {
                                      "paint_color": "c2"
                                    }
                                  }
                                ]
                              },
                              {
                                "internal_type": "StackLayerModule",
                                "config_stacking": "HORIZONTAL_CENTER",
                                "position_padding_right": 2.0,
                                "config_margin": 3.0,
                                "internal_events": [
                                  {
                                    "type": "SINGLE_TAP",
                                    "action": "LAUNCH_APP",
                                    "intent": "intent:#Intent;action=android.intent.action.MAIN;category=android.intent.category.LAUNCHER;component=com.google.android.youtube/.app.honeycomb.Shell%24HomeActivity;S.org.kustom.intent.label=YouTube;end"
                                  }
                                ],
                                "viewgroup_items": [
                                  {
                                    "internal_type": "FontIconModule",
                                    "icon_icon": "fiber_manual_record",
                                    "icon_size": 16.0,
                                    "internal_toggles": {
                                      "paint_color": 100
                                    },
                                    "internal_globals": {
                                      "paint_color": "c1"
                                    }
                                  },
                                  {
                                    "internal_type": "TextModule",
                                    "text_expression": "YouTube",
                                    "text_family": "kfile://org.kustom.provider/fonts/JetBrains Mono.ttf",
                                    "text_size_type": "FIXED_WIDTH",
                                    "text_width": 100.0,
                                    "text_size": 16.0,
                                    "internal_toggles": {
                                      "paint_color": 100
                                    },
                                    "internal_globals": {
                                      "paint_color": "c2"
                                    }
                                  }
                                ]
                              }
                            ]
                          },
                          {
                            "internal_type": "StackLayerModule",
                            "config_stacking": "HORIZONTAL_CENTER",
                            "viewgroup_items": [
                              {
                                "internal_type": "StackLayerModule",
                                "config_stacking": "HORIZONTAL_CENTER",
                                "position_padding_right": 2.0,
                                "config_margin": 3.0,
                                "internal_events": [
                                  {
                                    "type": "SINGLE_TAP",
                                    "action": "LAUNCH_APP",
                                    "intent": "intent:#Intent;action=android.intent.action.MAIN;category=android.intent.category.LAUNCHER;component=io.github.forkmaintainers.iceraven/.App;S.org.kustom.intent.label=Iceraven;end"
                                  }
                                ],
                                "viewgroup_items": [
                                  {
                                    "internal_type": "FontIconModule",
                                    "icon_icon": "fiber_manual_record",
                                    "icon_size": 16.0,
                                    "internal_toggles": {
                                      "paint_color": 100
                                    },
                                    "internal_globals": {
                                      "paint_color": "c1"
                                    }
                                  },
                                  {
                                    "internal_type": "TextModule",
                                    "text_expression": "Browser",
                                    "text_family": "kfile://org.kustom.provider/fonts/JetBrains Mono.ttf",
                                    "text_size_type": "FIXED_WIDTH",
                                    "text_width": 100.0,
                                    "text_size": 16.0,
                                    "internal_toggles": {
                                      "paint_color": 100
                                    },
                                    "internal_globals": {
                                      "paint_color": "c2"
                                    }
                                  }
                                ]
                              },
                              {
                                "internal_type": "StackLayerModule",
                                "config_stacking": "HORIZONTAL_CENTER",
                                "position_padding_right": 2.0,
                                "config_margin": 3.0,
                                "internal_events": [
                                  {
                                    "type": "SINGLE_TAP",
                                    "action": "LAUNCH_APP",
                                    "intent": "intent:#Intent;action=android.intent.action.MAIN;category=android.intent.category.LAUNCHER;component=ch.protonmail.android/.MainActivity;S.org.kustom.intent.label=Proton%20Mail;end"
                                  }
                                ],
                                "viewgroup_items": [
                                  {
                                    "internal_type": "FontIconModule",
                                    "icon_icon": "fiber_manual_record",
                                    "icon_size": 16.0,
                                    "internal_toggles": {
                                      "paint_color": 100
                                    },
                                    "internal_globals": {
                                      "paint_color": "c1"
                                    }
                                  },
                                  {
                                    "internal_type": "TextModule",
                                    "text_expression": "Mail",
                                    "text_family": "kfile://org.kustom.provider/fonts/JetBrains Mono.ttf",
                                    "text_size_type": "FIXED_WIDTH",
                                    "text_width": 100.0,
                                    "text_size": 16.0,
                                    "internal_toggles": {
                                      "paint_color": 100
                                    },
                                    "internal_globals": {
                                      "paint_color": "c2"
                                    }
                                  }
                                ]
                              }
                            ]
                          },
                          {
                            "internal_type": "StackLayerModule",
                            "config_stacking": "HORIZONTAL_CENTER",
                            "viewgroup_items": [
                              {
                                "internal_type": "StackLayerModule",
                                "config_stacking": "HORIZONTAL_CENTER",
                                "position_padding_right": 2.0,
                                "config_margin": 3.0,
                                "internal_events": [
                                  {
                                    "type": "SINGLE_TAP",
                                    "action": "LAUNCH_APP",
                                    "intent": "intent:#Intent;action=android.intent.action.MAIN;category=android.intent.category.LAUNCHER;component=com.whatsapp/.Main;S.org.kustom.intent.label=WhatsApp;end"
                                  }
                                ],
                                "viewgroup_items": [
                                  {
                                    "internal_type": "FontIconModule",
                                    "icon_icon": "fiber_manual_record",
                                    "icon_size": 16.0,
                                    "internal_toggles": {
                                      "paint_color": 100
                                    },
                                    "internal_globals": {
                                      "paint_color": "c1"
                                    }
                                  },
                                  {
                                    "internal_type": "TextModule",
                                    "text_expression": "WhatsApp",
                                    "text_family": "kfile://org.kustom.provider/fonts/JetBrains Mono.ttf",
                                    "text_size_type": "FIXED_WIDTH",
                                    "text_width": 100.0,
                                    "text_size": 16.0,
                                    "internal_toggles": {
                                      "paint_color": 100
                                    },
                                    "internal_globals": {
                                      "paint_color": "c2"
                                    }
                                  }
                                ]
                              },
                              {
                                "internal_type": "StackLayerModule",
                                "config_stacking": "HORIZONTAL_CENTER",
                                "position_padding_right": 2.0,
                                "config_margin": 3.0,
                                "internal_events": [
                                  {
                                    "type": "SINGLE_TAP",
                                    "action": "LAUNCH_APP",
                                    "intent": "intent:#Intent;action=android.intent.action.MAIN;category=android.intent.category.LAUNCHER;component=org.thunderdog.challegram/.MainActivity;S.org.kustom.intent.label=Telegram%20X;end"
                                  }
                                ],
                                "viewgroup_items": [
                                  {
                                    "internal_type": "FontIconModule",
                                    "icon_icon": "fiber_manual_record",
                                    "icon_size": 16.0,
                                    "internal_toggles": {
                                      "paint_color": 100
                                    },
                                    "internal_globals": {
                                      "paint_color": "c1"
                                    }
                                  },
                                  {
                                    "internal_type": "TextModule",
                                    "text_expression": "Telegram",
                                    "text_family": "kfile://org.kustom.provider/fonts/JetBrains Mono.ttf",
                                    "text_size_type": "FIXED_WIDTH",
                                    "text_width": 100.0,
                                    "text_size": 16.0,
                                    "internal_toggles": {
                                      "paint_color": 100
                                    },
                                    "internal_globals": {
                                      "paint_color": "c2"
                                    }
                                  }
                                ]
                              }
                            ]
                          }
                        ]
                      }
                    ]
                  }
                ]
              }
            ]
          }
        ]
      }
    ]
  }
}