{
  "preset_info": {
    "archive": "",
    "author": "Yeswanth S",
    "description": "",
    "email": "yeswanthshanmugam@gmail.com",
    "features": "MUSIC",
    "pflags": 0,
    "hash": null,
    "height": 458,
    "id": "443577fa-c311-4a1d-a54f-7a8ab0fc9187",
    "locked": false,
    "release": 378512316,
    "ts": 1747674358395,
    "title": "Goku w2",
    "version": 13,
    "width": 1038,
    "xscreens": 0,
    "yscreens": 0
  },
  "preset_root": {
    "internal_type": "RootLayerModule",
    "globals_list": {
      "fonts": {
        "index": 2,
        "type": "COLOR",
        "title": "fonts",
        "description": "",
        "global_formula": "",
        "value": "#FFFFFFFF"
      },
      "accent ": {
        "index": 3,
        "type": "COLOR",
        "title": "Accent ",
        "description": "",
        "global_formula": "",
        "value": "#FF888888"
      },
      "gradient": {
        "index": 6,
        "type": "COLOR",
        "title": "Gradient",
        "description": "",
        "global_formula": "",
        "value": "#FFDDDDDD"
      },
      "profile": {
        "index": 7,
        "type": "BITMAP",
        "title": "Profile",
        "description": "",
        "global_formula": "",
        "value": "kfile://org.kustom.provider/bitmaps/IMGf5cf285eecc9e81e758fd577a910a94"
      }
    },
    "internal_toggles": {
      "config_scale_value": 10
    },
    "internal_formulas": {
      "config_scale_value": "100"
    },
    "config_scale_value": 99.80769,
    "internal_events": [
      {
        "type": "SINGLE_TAP",
        "action": "KUSTOM_ACTION"
      }
    ],
    "viewgroup_items": [
      {
        "internal_type": "OverlapLayerModule",
        "position_offset_x": -80.0,
        "position_offset_y": -1.0,
        "viewgroup_items": [
          {
            "internal_type": "OverlapLayerModule",
            "position_padding_bottom": 75.0,
            "viewgroup_items": [
              {
                "internal_type": "TextModule",
                "text_size": 25.0,
                "text_family": "kfile://org.kustom.provider/fonts/Quantum 400.otf",
                "text_expression": "Music",
                "text_align": "CENTER",
                "position_offset_x": -100.0,
                "internal_toggles": {
                  "paint_color": 100
                },
                "internal_globals": {
                  "paint_color": "fonts"
                },
                "position_padding_bottom": 75.0
              },
              {
                "internal_type": "ProgressModule",
                "progress_progress": "MUSIC",
                "color_fgcolor": "#FFFF9191",
                "color_color": "GRADIENT",
                "color_tcolor": "#FFFF4A4A",
                "color_bgcolor": "#FFFFFFFF",
                "style_width": 40.0,
                "style_size": 400.0,
                "style_height": 10.0,
                "style_shape": "RECT",
                "internal_toggles": {
                  "color_bgcolor": 100,
                  "color_fgcolor": 100,
                  "color_tcolor": 100
                },
                "internal_globals": {
                  "color_fgcolor": "accent ",
                  "color_tcolor": "gradient",
                  "color_bgcolor": "fonts"
                }
              },
              {
                "internal_type": "TextModule",
                "text_size_type": "FIXED_WIDTH",
                "text_width": 340.0,
                "text_family": "kfile://org.kustom.provider/fonts/Quantum 400.otf",
                "text_expression": "$mi(title)$ : $mi(artist)$",
                "text_lines": 1.0,
                "text_align": "CENTER",
                "position_padding_top": 75.0,
                "internal_toggles": {
                  "paint_color": 100
                },
                "internal_globals": {
                  "paint_color": "fonts"
                }
              }
            ]
          },
          {
            "internal_type": "StackLayerModule",
            "config_stacking": "HORIZONTAL_CENTER",
            "config_margin": 15.0,
            "position_padding_top": 100.0,
            "viewgroup_items": [
              {
                "internal_type": "OverlapLayerModule",
                "internal_events": [
                  {
                    "type": "SINGLE_TAP",
                    "action": "MUSIC",
                    "music_action": "PREVIOUS"
                  }
                ],
                "viewgroup_items": [
                  {
                    "internal_type": "FontIconModule",
                    "icon_icon": "chevron-left",
                    "icon_size": 30.0,
                    "icon_set": "kfile://org.kustom.provider/icons/entypo.ttf",
                    "internal_toggles": {
                      "paint_color": 100
                    },
                    "internal_globals": {
                      "paint_color": "text"
                    }
                  }
                ]
              },
              {
                "internal_type": "OverlapLayerModule",
                "internal_events": [
                  {
                    "type": "SINGLE_TAP",
                    "action": "MUSIC"
                  }
                ],
                "viewgroup_items": [
                  {
                    "internal_type": "OverlapLayerModule",
                    "internal_toggles": {
                      "config_visible": 10
                    },
                    "internal_formulas": {
                      "config_visible": "$if(mi(state) = playing, REMOVE, ALWAYS)$"
                    },
                    "internal_events": [
                      {
                        "type": "SINGLE_TAP",
                        "action": "NONE"
                      }
                    ],
                    "viewgroup_items": [
                      {
                        "internal_type": "FontIconModule",
                        "icon_size": 30.0,
                        "icon_icon": "controller-play",
                        "icon_set": "kfile://org.kustom.provider/icons/entypo.ttf",
                        "internal_toggles": {
                          "paint_color": 100
                        },
                        "internal_globals": {
                          "paint_color": "text"
                        }
                      }
                    ]
                  },
                  {
                    "internal_type": "OverlapLayerModule",
                    "internal_toggles": {
                      "config_visible": 10
                    },
                    "internal_formulas": {
                      "config_visible": "$if(mi(state) = playing, ALWAYS, REMOVE)$"
                    },
                    "viewgroup_items": [
                      {
                        "internal_type": "FontIconModule",
                        "icon_size": 30.0,
                        "icon_icon": "controller-paus",
                        "icon_set": "kfile://org.kustom.provider/icons/entypo.ttf",
                        "internal_toggles": {
                          "paint_color": 100
                        },
                        "internal_globals": {
                          "paint_color": "text"
                        }
                      }
                    ]
                  }
                ]
              },
              {
                "internal_type": "OverlapLayerModule",
                "internal_events": [
                  {
                    "type": "SINGLE_TAP",
                    "action": "MUSIC",
                    "music_action": "NEXT"
                  }
                ],
                "viewgroup_items": [
                  {
                    "internal_type": "FontIconModule",
                    "icon_icon": "chevron-right",
                    "icon_size": 30.0,
                    "icon_set": "kfile://org.kustom.provider/icons/entypo.ttf",
                    "internal_toggles": {
                      "paint_color": 100
                    },
                    "internal_globals": {
                      "paint_color": "text"
                    }
                  }
                ]
              }
            ]
          }
        ]
      },
      {
        "internal_type": "OverlapLayerModule",
        "position_offset_x": 240.0,
        "internal_events": [
          {
            "type": "SINGLE_TAP",
            "action": "LAUNCH_APP",
            "intent": "intent:#Intent;action=android.intent.action.MAIN;category=android.intent.category.LAUNCHER;component=com.spotify.music/.MainActivity;S.org.kustom.intent.label=Spotify;end"
          }
        ],
        "internal_toggles": {
          "config_visible": 10
        },
        "internal_formulas": {
          "config_visible": "$if(mi(state)!=PLAYING,never,always)$"
        },
        "position_offset_y": -20.0,
        "viewgroup_items": [
          {
            "internal_toggles": {
              "fx_gradient_bitmap": 0,
              "paint_color": 100
            },
            "internal_formulas": {
              "fx_gradient_bitmap": "$mi(cover)$"
            },
            "internal_type": "ShapeModule",
            "shape_width": 155.0,
            "position_offset_x": 240.0,
            "shape_corners": 7.0,
            "internal_globals": {
              "paint_color": "fonts"
            },
            "fx_gradient_color": "#FFFF9191"
          },
          {
            "internal_toggles": {
              "fx_gradient_bitmap": 10,
              "paint_color": 100
            },
            "internal_formulas": {
              "fx_gradient_bitmap": "$mi(cover)$"
            },
            "internal_type": "ShapeModule",
            "shape_width": 140.0,
            "fx_gradient": "BITMAP",
            "position_offset_x": 240.0,
            "internal_globals": {
              "paint_color": "fonts"
            }
          }
        ]
      },
      {
        "internal_type": "OverlapLayerModule",
        "position_offset_x": 240.0,
        "internal_events": [
          {
            "type": "SINGLE_TAP",
            "action": "LAUNCH_SHORTCUT",
            "intent": "intent:#Intent;action=com.teslacoilsw.launcher.ACTION;launchFlags=0x10000000;component=com.teslacoilsw.launcher/.NovaShortcutHandler;S.LAUNCHER_ACTION=APP_DRAWER;S.org.kustom.intent.label=Nova%20action;end"
          }
        ],
        "internal_toggles": {
          "config_visible": 10
        },
        "internal_formulas": {
          "config_visible": "$if(mi(state)!=PLAYING,always,remove)$"
        },
        "position_offset_y": -20.0,
        "viewgroup_items": [
          {
            "internal_toggles": {
              "fx_gradient_bitmap": 0,
              "paint_color": 100,
              "fx_gradient_color": 100
            },
            "internal_formulas": {
              "fx_gradient_bitmap": "$mi(cover)$"
            },
            "internal_type": "ShapeModule",
            "shape_width": 155.0,
            "position_offset_x": 240.0,
            "shape_corners": 7.0,
            "internal_globals": {
              "paint_color": "gradient",
              "fx_gradient_color": "accent "
            },
            "fx_gradient_color": "#FFFF9191",
            "fx_gradient": "VERTICAL"
          },
          {
            "internal_toggles": {
              "fx_gradient_bitmap": 100
            },
            "internal_formulas": {
              "fx_gradient_bitmap": "$mi(cover)$"
            },
            "internal_type": "ShapeModule",
            "shape_width": 140.0,
            "fx_gradient": "BITMAP",
            "position_offset_x": 240.0,
            "internal_globals": {
              "fx_gradient_bitmap": "profile"
            }
          }
        ]
      }
    ]
  }
}