{
  "preset_info": {
    "archive": "",
    "author": "Yeswanth S",
    "description": "",
    "email": "yeswanthshanmugam@gmail.com",
    "features": "LOCATION WEATHER FORECAST MUSIC",
    "pflags": 0,
    "hash": null,
    "height": 1258,
    "id": "0cf41000-054b-4a4e-85c5-99b0784d0f17",
    "locked": false,
    "release": 378512316,
    "ts": 1747675706579,
    "title": "L w2",
    "version": 13,
    "width": 1038,
    "xscreens": 0,
    "yscreens": 0
  },
  "preset_root": {
    "internal_type": "RootLayerModule",
    "globals_list": {
      "color 1": {
        "index": 1,
        "type": "COLOR",
        "title": "Color 1",
        "value": "#FF000000"
      },
      "color 2": {
        "index": 2,
        "type": "COLOR",
        "title": "Color 2",
        "value": "#FFFFFFFF"
      },
      "color 3": {
        "index": 3,
        "type": "COLOR",
        "title": "Color 3",
        "value": "#FF9FC3FF"
      },
      "colour 4": {
        "index": 4,
        "type": "COLOR",
        "title": "Colour 4",
        "value": "#FF97BEFF"
      }
    },
    "internal_toggles": {
      "config_scale_value": 10
    },
    "internal_formulas": {
      "config_scale_value": "100"
    },
    "config_scale_value": 99.80769,
    "internal_events": [
      {
        "type": "SINGLE_TAP",
        "action": "KUSTOM_ACTION"
      }
    ],
    "viewgroup_items": [
      {
        "internal_type": "OverlapLayerModule",
        "position_offset_y": 240.0,
        "viewgroup_items": [
          {
            "internal_type": "ProgressModule",
            "progress_progress": "MUSIC",
            "progress_mode": "SHAPES",
            "progress_rotate_mode": "DEG180",
            "color_bgcolor": "#FF000000",
            "style_size": 559.0,
            "style_shape": "RECT",
            "style_width": 35.0,
            "style_height": 10.0,
            "internal_toggles": {
              "color_fgcolor": 100,
              "color_bgcolor": 100
            },
            "internal_globals": {
              "color_fgcolor": "color 2",
              "color_bgcolor": "color 1"
            }
          }
        ]
      },
      {
        "internal_type": "OverlapLayerModule",
        "position_offset_x": 20.0,
        "position_offset_y": 460.0,
        "viewgroup_items": [
          {
            "internal_type": "FontIconModule",
            "icon_set": "kfile://org.kustom.provider/icons/fontawesome.ttf",
            "icon_icon": "heart",
            "icon_size": 120.0,
            "position_padding_left": 475.0,
            "position_padding_bottom": 450.0,
            "fx_gradient": "VERTICAL",
            "fx_gradient_color": "#FFFFFFFF",
            "fx_gradient_offset": 97,
            "internal_events": [
              {
                "type": "SINGLE_TAP",
                "action": "MUSIC"
              }
            ],
            "internal_toggles": {
              "paint_color": 100
            },
            "internal_globals": {
              "paint_color": "color 2"
            }
          },
          {
            "internal_type": "ShapeModule",
            "shape_type": "RECT",
            "shape_width": 100.0,
            "shape_height": 120.0,
            "paint_mode": "CLEAR",
            "position_padding_left": 574.0,
            "position_padding_bottom": 450.0,
            "internal_toggles": {
              "paint_color": 100
            },
            "internal_globals": {
              "paint_color": "color 2"
            }
          },
          {
            "internal_type": "FontIconModule",
            "icon_set": "kfile://org.kustom.provider/icons/fontawesome.ttf",
            "icon_icon": "heart",
            "icon_size": 120.0,
            "position_padding_left": 475.0,
            "position_padding_bottom": 450.0,
            "paint_style": "STROKE",
            "paint_color": "#FF000000",
            "paint_stroke": 5.0,
            "internal_events": [
              {
                "type": "SINGLE_TAP",
                "action": "MUSIC"
              }
            ],
            "internal_toggles": {
              "paint_color": 100
            },
            "internal_globals": {
              "paint_color": "color 1"
            }
          },
          {
            "internal_type": "OverlapLayerModule",
            "viewgroup_items": [
              {
                "internal_type": "FontIconModule",
                "icon_set": "kfile://org.kustom.provider/icons/material.ttf",
                "icon_icon": "music_note",
                "icon_size": 30.0,
                "paint_color": "#FF000000",
                "position_padding_bottom": 450.0,
                "position_padding_left": 532.0,
                "position_padding_right": 25.0,
                "internal_toggles": {
                  "paint_color": 100
                },
                "internal_globals": {
                  "paint_color": "color 1"
                }
              }
            ]
          },
          {
            "internal_type": "TextModule",
            "text_family": "kfile://org.kustom.provider/fonts/Cheeky Rabbit.ttf",
            "text_size": 22.0,
            "paint_color": "#FF97BEFF",
            "position_anchor": "TOP",
            "position_padding_right": 675.0,
            "position_padding_top": 53.0,
            "text_expression": "$tf(mi(pos), mm:ss)$",
            "internal_toggles": {
              "paint_color": 100
            },
            "internal_globals": {
              "paint_color": "color 3"
            }
          }
        ]
      },
      {
        "internal_type": "OverlapLayerModule",
        "config_rotate_mode": "DEG180",
        "position_offset_x": -8.0,
        "position_offset_y": 240.0,
        "viewgroup_items": [
          {
            "internal_type": "ProgressModule",
            "style_size": 541.0,
            "style_height": 115.0,
            "position_offset_x": 65.0,
            "color_fgcolor": "#FFFF0000",
            "color_bgcolor": "#FF000000",
            "internal_toggles": {
              "color_fgcolor": 100,
              "color_bgcolor": 100,
              "color_tcolor": 100
            },
            "progress_progress": "MUSIC",
            "color_mode": "MULTIPLY",
            "internal_globals": {
              "color_fgcolor": "color 3",
              "color_bgcolor": "color 1",
              "color_tcolor": "colour 4"
            },
            "color_color": "GRADIENT",
            "color_tcolor": "#FF97BEFF",
            "position_padding_left": 8.0
          }
        ]
      },
      {
        "internal_type": "StackLayerModule",
        "config_stacking": "VERTICAL_CENTER",
        "config_margin": 20.0,
        "position_offset_x": -320.0,
        "position_offset_y": -80.0,
        "viewgroup_items": [
          {
            "internal_title": "Facebook​",
            "internal_type": "OverlapLayerModule",
            "internal_events": [
              {
                "type": "SINGLE_TAP",
                "action": "LAUNCH_APP",
                "intent": "intent:#Intent;action=android.intent.action.MAIN;category=android.intent.category.LAUNCHER;component=com.facebook.katana/.LoginActivity;S.org.kustom.intent.label=Facebook;end"
              }
            ],
            "viewgroup_items": [
              {
                "internal_type": "StackLayerModule",
                "config_stacking": "VERTICAL_CENTER",
                "config_margin": 10.0,
                "viewgroup_items": [
                  {
                    "internal_toggles": {
                      "paint_color": 100
                    },
                    "internal_globals": {
                      "paint_color": "color 1"
                    },
                    "internal_type": "CurvedTextModule",
                    "text_filter": [
                      "UP"
                    ],
                    "text_family": "kfile://org.kustom.provider/fonts/Cheeky Rabbit.ttf",
                    "text_spacing": 2.0,
                    "text_expression": "Facebook",
                    "text_rotate_mode": "DEG270"
                  },
                  {
                    "internal_toggles": {
                      "paint_color": 100,
                      "fx_gradient_color": 100
                    },
                    "internal_globals": {
                      "paint_color": "color 3",
                      "fx_gradient_color": "colour 4"
                    },
                    "internal_type": "FontIconModule",
                    "icon_set": "kfile://org.kustom.provider/icons/fontawesome.ttf",
                    "icon_icon": "facebook-square",
                    "icon_size": 23.0,
                    "icon_rotate_mode": "DEG270",
                    "fx_gradient": "VERTICAL"
                  }
                ]
              }
            ]
          },
          {
            "internal_title": "Facebook​",
            "internal_type": "OverlapLayerModule",
            "internal_events": [
              {
                "type": "SINGLE_TAP",
                "action": "LAUNCH_APP",
                "intent": "intent:#Intent;action=android.intent.action.MAIN;category=android.intent.category.LAUNCHER;component=com.instagram.android/.activity.MainTabActivity;S.org.kustom.intent.label=Instagram;end"
              }
            ],
            "viewgroup_items": [
              {
                "internal_type": "StackLayerModule",
                "config_stacking": "VERTICAL_CENTER",
                "config_margin": 10.0,
                "viewgroup_items": [
                  {
                    "internal_toggles": {
                      "paint_color": 100
                    },
                    "internal_globals": {
                      "paint_color": "color 1"
                    },
                    "internal_type": "CurvedTextModule",
                    "text_filter": [
                      "UP"
                    ],
                    "text_family": "kfile://org.kustom.provider/fonts/Cheeky Rabbit.ttf",
                    "text_spacing": 2.0,
                    "text_expression": "Instagram",
                    "text_rotate_mode": "DEG270"
                  },
                  {
                    "internal_toggles": {
                      "paint_color": 100,
                      "fx_gradient_color": 100
                    },
                    "internal_globals": {
                      "paint_color": "color 3",
                      "fx_gradient_color": "colour 4"
                    },
                    "internal_type": "FontIconModule",
                    "icon_set": "kfile://org.kustom.provider/icons/fontawesome.ttf",
                    "icon_icon": "instagram",
                    "icon_size": 23.0,
                    "icon_rotate_mode": "DEG270",
                    "fx_gradient": "VERTICAL"
                  }
                ]
              }
            ]
          },
          {
            "internal_title": "Facebook​",
            "internal_type": "OverlapLayerModule",
            "internal_events": [
              {
                "type": "SINGLE_TAP",
                "action": "LAUNCH_APP",
                "intent": "intent:#Intent;action=android.intent.action.MAIN;category=android.intent.category.LAUNCHER;component=com.twitter.android/.StartActivity;S.org.kustom.intent.label=Twitter;end"
              }
            ],
            "viewgroup_items": [
              {
                "internal_type": "StackLayerModule",
                "config_stacking": "VERTICAL_CENTER",
                "config_margin": 10.0,
                "viewgroup_items": [
                  {
                    "internal_toggles": {
                      "paint_color": 100
                    },
                    "internal_globals": {
                      "paint_color": "color 1"
                    },
                    "internal_type": "CurvedTextModule",
                    "text_filter": [
                      "UP"
                    ],
                    "text_family": "kfile://org.kustom.provider/fonts/Cheeky Rabbit.ttf",
                    "text_spacing": 2.0,
                    "text_expression": "Twitter",
                    "text_rotate_mode": "DEG270"
                  },
                  {
                    "internal_toggles": {
                      "paint_color": 100,
                      "fx_gradient_color": 100
                    },
                    "internal_globals": {
                      "paint_color": "color 3",
                      "fx_gradient_color": "colour 4"
                    },
                    "internal_type": "FontIconModule",
                    "icon_set": "kfile://org.kustom.provider/icons/fontawesome.ttf",
                    "icon_icon": "twitter",
                    "icon_size": 23.0,
                    "icon_rotate_mode": "DEG270",
                    "fx_gradient": "VERTICAL"
                  }
                ]
              }
            ]
          }
        ]
      },
      {
        "internal_type": "StackLayerModule",
        "config_stacking": "VERTICAL_CENTER",
        "config_margin": 20.0,
        "position_offset_y": -60.0,
        "viewgroup_items": [
          {
            "internal_type": "StackLayerModule",
            "config_stacking": "VERTICAL_CENTER",
            "config_margin": 15.0,
            "viewgroup_items": [
              {
                "internal_type": "CurvedTextModule",
                "internal_toggles": {
                  "paint_color": 100
                },
                "internal_globals": {
                  "paint_color": "color 1"
                },
                "text_expression": "Good",
                "text_size": 85.0,
                "text_spacing": 40.0,
                "text_filter": [
                  "UP"
                ],
                "text_family": "kfile://org.kustom.provider/fonts/Lovebeat.otf"
              },
              {
                "internal_type": "CurvedTextModule",
                "text_expression": "$if(df(H)<4,night,df(H)<12,morning,df(H)<17,afternoon,df(H)<21,evening,night)$",
                "text_size": 35.0,
                "text_spacing": 5.0,
                "text_filter": [
                  "UP"
                ],
                "text_family": "kfile://org.kustom.provider/fonts/Lovebeat.otf",
                "internal_toggles": {
                  "paint_color": 100
                },
                "internal_globals": {
                  "paint_color": "color 1"
                },
                "text_width": 385.0,
                "text_mode": "JUSTIFY"
              }
            ]
          },
          {
            "internal_type": "OverlapLayerModule",
            "viewgroup_items": [
              {
                "internal_type": "StackLayerModule",
                "config_stacking": "HORIZONTAL_CENTER",
                "config_margin": 5.0,
                "position_anchor": "CENTERLEFT",
                "position_padding_right": 25.0,
                "viewgroup_items": [
                  {
                    "internal_type": "FontIconModule",
                    "internal_toggles": {
                      "paint_color": 100
                    },
                    "internal_globals": {
                      "paint_color": "color 1"
                    },
                    "icon_size": 20.0,
                    "icon_icon": "place"
                  },
                  {
                    "internal_type": "CurvedTextModule",
                    "internal_toggles": {
                      "paint_color": 100
                    },
                    "internal_globals": {
                      "paint_color": "color 1"
                    },
                    "text_expression": "$li(country)$",
                    "text_spacing": 3.0,
                    "text_filter": [
                      "UP"
                    ],
                    "text_family": "kfile://org.kustom.provider/fonts/amarurgt.ttf"
                  }
                ]
              }
            ]
          },
          {
            "internal_type": "TextModule",
            "internal_toggles": {
              "paint_color": 100
            },
            "internal_globals": {
              "paint_color": "color 1"
            },
            "text_expression": "Today's $wf(cond, 0)$ outside. Feels like temperature $wi(flik)$°$wi(tempu)$ in your location. Wind speed $wi(wspeed)$ $li(spdu)$ & current humidity is $wi(hum)$%",
            "text_size_type": "FIXED_WIDTH",
            "text_width": 390.0,
            "text_filter": [
              "UP"
            ],
            "text_family": "kfile://org.kustom.provider/fonts/amarurgt.ttf",
            "text_align": "CENTER"
          },
          {
            "internal_type": "StackLayerModule",
            "config_stacking": "HORIZONTAL_CENTER",
            "config_margin": -10.0,
            "config_scale_value": 33.0,
            "viewgroup_items": [
              {
                "internal_type": "FontIconModule",
                "internal_toggles": {
                  "paint_color": 100,
                  "fx_gradient_color": 100
                },
                "internal_globals": {
                  "paint_color": "color 3",
                  "fx_gradient_color": "colour 4"
                },
                "icon_set": "kfile://org.kustom.provider/icons/fontawesome.ttf",
                "icon_icon": "heart",
                "fx_gradient": "VERTICAL"
              },
              {
                "internal_type": "FontIconModule",
                "internal_toggles": {
                  "paint_color": 100,
                  "fx_gradient_color": 100
                },
                "internal_globals": {
                  "paint_color": "color 1",
                  "fx_gradient_color": "colour 4"
                },
                "icon_set": "kfile://org.kustom.provider/icons/fontawesome.ttf",
                "icon_icon": "heart"
              },
              {
                "internal_type": "FontIconModule",
                "internal_toggles": {
                  "paint_color": 100,
                  "fx_gradient_color": 100
                },
                "internal_globals": {
                  "paint_color": "color 3",
                  "fx_gradient_color": "colour 4"
                },
                "icon_set": "kfile://org.kustom.provider/icons/fontawesome.ttf",
                "icon_icon": "heart",
                "fx_gradient": "VERTICAL"
              },
              {
                "internal_type": "FontIconModule",
                "internal_toggles": {
                  "paint_color": 100,
                  "fx_gradient_color": 100
                },
                "internal_globals": {
                  "paint_color": "color 1",
                  "fx_gradient_color": "colour 4"
                },
                "icon_set": "kfile://org.kustom.provider/icons/fontawesome.ttf",
                "icon_icon": "heart"
              },
              {
                "internal_type": "FontIconModule",
                "internal_toggles": {
                  "paint_color": 100,
                  "fx_gradient_color": 100
                },
                "internal_globals": {
                  "paint_color": "color 3",
                  "fx_gradient_color": "colour 4"
                },
                "icon_set": "kfile://org.kustom.provider/icons/fontawesome.ttf",
                "icon_icon": "heart",
                "fx_gradient": "VERTICAL"
              },
              {
                "internal_type": "FontIconModule",
                "internal_toggles": {
                  "paint_color": 100,
                  "fx_gradient_color": 100
                },
                "internal_globals": {
                  "paint_color": "color 1",
                  "fx_gradient_color": "colour 4"
                },
                "icon_set": "kfile://org.kustom.provider/icons/fontawesome.ttf",
                "icon_icon": "heart"
              },
              {
                "internal_type": "FontIconModule",
                "internal_toggles": {
                  "paint_color": 100,
                  "fx_gradient_color": 100
                },
                "internal_globals": {
                  "paint_color": "color 3",
                  "fx_gradient_color": "colour 4"
                },
                "icon_set": "kfile://org.kustom.provider/icons/fontawesome.ttf",
                "icon_icon": "heart",
                "fx_gradient": "VERTICAL"
              },
              {
                "internal_type": "FontIconModule",
                "internal_toggles": {
                  "paint_color": 100,
                  "fx_gradient_color": 100
                },
                "internal_globals": {
                  "paint_color": "color 1",
                  "fx_gradient_color": "colour 4"
                },
                "icon_set": "kfile://org.kustom.provider/icons/fontawesome.ttf",
                "icon_icon": "heart"
              },
              {
                "internal_type": "FontIconModule",
                "internal_toggles": {
                  "paint_color": 100,
                  "fx_gradient_color": 100
                },
                "internal_globals": {
                  "paint_color": "color 3",
                  "fx_gradient_color": "colour 4"
                },
                "icon_set": "kfile://org.kustom.provider/icons/fontawesome.ttf",
                "icon_icon": "heart",
                "fx_gradient": "VERTICAL"
              },
              {
                "internal_type": "FontIconModule",
                "internal_toggles": {
                  "paint_color": 100,
                  "fx_gradient_color": 100
                },
                "internal_globals": {
                  "paint_color": "color 1",
                  "fx_gradient_color": "colour 4"
                },
                "icon_set": "kfile://org.kustom.provider/icons/fontawesome.ttf",
                "icon_icon": "heart"
              },
              {
                "internal_type": "FontIconModule",
                "internal_toggles": {
                  "paint_color": 100,
                  "fx_gradient_color": 100
                },
                "internal_globals": {
                  "paint_color": "color 3",
                  "fx_gradient_color": "colour 4"
                },
                "icon_set": "kfile://org.kustom.provider/icons/fontawesome.ttf",
                "icon_icon": "heart",
                "fx_gradient": "VERTICAL"
              },
              {
                "internal_type": "FontIconModule",
                "internal_toggles": {
                  "paint_color": 100,
                  "fx_gradient_color": 100
                },
                "internal_globals": {
                  "paint_color": "color 1",
                  "fx_gradient_color": "colour 4"
                },
                "icon_set": "kfile://org.kustom.provider/icons/fontawesome.ttf",
                "icon_icon": "heart"
              },
              {
                "internal_type": "FontIconModule",
                "internal_toggles": {
                  "paint_color": 100,
                  "fx_gradient_color": 100
                },
                "internal_globals": {
                  "paint_color": "color 3",
                  "fx_gradient_color": "colour 4"
                },
                "icon_set": "kfile://org.kustom.provider/icons/fontawesome.ttf",
                "icon_icon": "heart",
                "fx_gradient": "VERTICAL"
              },
              {
                "internal_type": "FontIconModule",
                "internal_toggles": {
                  "paint_color": 100,
                  "fx_gradient_color": 100
                },
                "internal_globals": {
                  "paint_color": "color 1",
                  "fx_gradient_color": "colour 4"
                },
                "icon_set": "kfile://org.kustom.provider/icons/fontawesome.ttf",
                "icon_icon": "heart"
              },
              {
                "internal_type": "FontIconModule",
                "internal_toggles": {
                  "paint_color": 100,
                  "fx_gradient_color": 100
                },
                "internal_globals": {
                  "paint_color": "color 3",
                  "fx_gradient_color": "colour 4"
                },
                "icon_set": "kfile://org.kustom.provider/icons/fontawesome.ttf",
                "icon_icon": "heart",
                "fx_gradient": "VERTICAL"
              },
              {
                "internal_type": "FontIconModule",
                "internal_toggles": {
                  "paint_color": 100,
                  "fx_gradient_color": 100
                },
                "internal_globals": {
                  "paint_color": "color 1",
                  "fx_gradient_color": "colour 4"
                },
                "icon_set": "kfile://org.kustom.provider/icons/fontawesome.ttf",
                "icon_icon": "heart"
              },
              {
                "internal_type": "FontIconModule",
                "internal_toggles": {
                  "paint_color": 100,
                  "fx_gradient_color": 100
                },
                "internal_globals": {
                  "paint_color": "color 3",
                  "fx_gradient_color": "colour 4"
                },
                "icon_set": "kfile://org.kustom.provider/icons/fontawesome.ttf",
                "icon_icon": "heart",
                "fx_gradient": "VERTICAL"
              },
              {
                "internal_type": "FontIconModule",
                "internal_toggles": {
                  "paint_color": 100,
                  "fx_gradient_color": 100
                },
                "internal_globals": {
                  "paint_color": "color 1",
                  "fx_gradient_color": "colour 4"
                },
                "icon_set": "kfile://org.kustom.provider/icons/fontawesome.ttf",
                "icon_icon": "heart"
              }
            ]
          },
          {
            "internal_type": "OverlapLayerModule",
            "viewgroup_items": [
              {
                "internal_type": "ShapeModule",
                "shape_type": "RECT",
                "shape_width": 380.0,
                "shape_height": 60.0,
                "paint_color": "#00FFFFFF"
              },
              {
                "internal_type": "CurvedTextModule",
                "internal_toggles": {
                  "paint_color": 100
                },
                "internal_globals": {
                  "paint_color": "color 1"
                },
                "text_expression": "$df(MMM.dd)$",
                "text_spacing": 3.0,
                "text_filter": [
                  "UP"
                ],
                "text_family": "kfile://org.kustom.provider/fonts/Lovebeat.otf",
                "position_anchor": "CENTERLEFT",
                "text_size": 22.0
              },
              {
                "internal_type": "CurvedTextModule",
                "internal_toggles": {
                  "paint_color": 100
                },
                "internal_globals": {
                  "paint_color": "color 1"
                },
                "text_expression": "$df(EEEE)$",
                "text_spacing": 3.0,
                "text_filter": [
                  "UP"
                ],
                "text_family": "kfile://org.kustom.provider/fonts/Lovebeat.otf",
                "position_anchor": "CENTERRIGHT",
                "text_size": 22.0
              }
            ]
          },
          {
            "internal_type": "StackLayerModule",
            "config_stacking": "HORIZONTAL_CENTER",
            "config_margin": -10.0,
            "config_scale_value": 33.0,
            "viewgroup_items": [
              {
                "internal_type": "FontIconModule",
                "internal_toggles": {
                  "paint_color": 100,
                  "fx_gradient_color": 100
                },
                "internal_globals": {
                  "paint_color": "color 3",
                  "fx_gradient_color": "colour 4"
                },
                "icon_set": "kfile://org.kustom.provider/icons/fontawesome.ttf",
                "icon_icon": "heart",
                "fx_gradient": "VERTICAL"
              },
              {
                "internal_type": "FontIconModule",
                "internal_toggles": {
                  "paint_color": 100,
                  "fx_gradient_color": 100
                },
                "internal_globals": {
                  "paint_color": "color 1",
                  "fx_gradient_color": "colour 4"
                },
                "icon_set": "kfile://org.kustom.provider/icons/fontawesome.ttf",
                "icon_icon": "heart"
              },
              {
                "internal_type": "FontIconModule",
                "internal_toggles": {
                  "paint_color": 100,
                  "fx_gradient_color": 100
                },
                "internal_globals": {
                  "paint_color": "color 3",
                  "fx_gradient_color": "colour 4"
                },
                "icon_set": "kfile://org.kustom.provider/icons/fontawesome.ttf",
                "icon_icon": "heart",
                "fx_gradient": "VERTICAL"
              },
              {
                "internal_type": "FontIconModule",
                "internal_toggles": {
                  "paint_color": 100,
                  "fx_gradient_color": 100
                },
                "internal_globals": {
                  "paint_color": "color 1",
                  "fx_gradient_color": "colour 4"
                },
                "icon_set": "kfile://org.kustom.provider/icons/fontawesome.ttf",
                "icon_icon": "heart"
              },
              {
                "internal_type": "FontIconModule",
                "internal_toggles": {
                  "paint_color": 100,
                  "fx_gradient_color": 100
                },
                "internal_globals": {
                  "paint_color": "color 3",
                  "fx_gradient_color": "colour 4"
                },
                "icon_set": "kfile://org.kustom.provider/icons/fontawesome.ttf",
                "icon_icon": "heart",
                "fx_gradient": "VERTICAL"
              },
              {
                "internal_type": "FontIconModule",
                "internal_toggles": {
                  "paint_color": 100,
                  "fx_gradient_color": 100
                },
                "internal_globals": {
                  "paint_color": "color 1",
                  "fx_gradient_color": "colour 4"
                },
                "icon_set": "kfile://org.kustom.provider/icons/fontawesome.ttf",
                "icon_icon": "heart"
              },
              {
                "internal_type": "FontIconModule",
                "internal_toggles": {
                  "paint_color": 100,
                  "fx_gradient_color": 100
                },
                "internal_globals": {
                  "paint_color": "color 3",
                  "fx_gradient_color": "colour 4"
                },
                "icon_set": "kfile://org.kustom.provider/icons/fontawesome.ttf",
                "icon_icon": "heart",
                "fx_gradient": "VERTICAL"
              },
              {
                "internal_type": "FontIconModule",
                "internal_toggles": {
                  "paint_color": 100,
                  "fx_gradient_color": 100
                },
                "internal_globals": {
                  "paint_color": "color 1",
                  "fx_gradient_color": "colour 4"
                },
                "icon_set": "kfile://org.kustom.provider/icons/fontawesome.ttf",
                "icon_icon": "heart"
              },
              {
                "internal_type": "FontIconModule",
                "internal_toggles": {
                  "paint_color": 100,
                  "fx_gradient_color": 100
                },
                "internal_globals": {
                  "paint_color": "color 3",
                  "fx_gradient_color": "colour 4"
                },
                "icon_set": "kfile://org.kustom.provider/icons/fontawesome.ttf",
                "icon_icon": "heart",
                "fx_gradient": "VERTICAL"
              },
              {
                "internal_type": "FontIconModule",
                "internal_toggles": {
                  "paint_color": 100,
                  "fx_gradient_color": 100
                },
                "internal_globals": {
                  "paint_color": "color 1",
                  "fx_gradient_color": "colour 4"
                },
                "icon_set": "kfile://org.kustom.provider/icons/fontawesome.ttf",
                "icon_icon": "heart"
              },
              {
                "internal_type": "FontIconModule",
                "internal_toggles": {
                  "paint_color": 100,
                  "fx_gradient_color": 100
                },
                "internal_globals": {
                  "paint_color": "color 3",
                  "fx_gradient_color": "colour 4"
                },
                "icon_set": "kfile://org.kustom.provider/icons/fontawesome.ttf",
                "icon_icon": "heart",
                "fx_gradient": "VERTICAL"
              },
              {
                "internal_type": "FontIconModule",
                "internal_toggles": {
                  "paint_color": 100,
                  "fx_gradient_color": 100
                },
                "internal_globals": {
                  "paint_color": "color 1",
                  "fx_gradient_color": "colour 4"
                },
                "icon_set": "kfile://org.kustom.provider/icons/fontawesome.ttf",
                "icon_icon": "heart"
              },
              {
                "internal_type": "FontIconModule",
                "internal_toggles": {
                  "paint_color": 100,
                  "fx_gradient_color": 100
                },
                "internal_globals": {
                  "paint_color": "color 3",
                  "fx_gradient_color": "colour 4"
                },
                "icon_set": "kfile://org.kustom.provider/icons/fontawesome.ttf",
                "icon_icon": "heart",
                "fx_gradient": "VERTICAL"
              },
              {
                "internal_type": "FontIconModule",
                "internal_toggles": {
                  "paint_color": 100,
                  "fx_gradient_color": 100
                },
                "internal_globals": {
                  "paint_color": "color 1",
                  "fx_gradient_color": "colour 4"
                },
                "icon_set": "kfile://org.kustom.provider/icons/fontawesome.ttf",
                "icon_icon": "heart"
              },
              {
                "internal_type": "FontIconModule",
                "internal_toggles": {
                  "paint_color": 100,
                  "fx_gradient_color": 100
                },
                "internal_globals": {
                  "paint_color": "color 3",
                  "fx_gradient_color": "colour 4"
                },
                "icon_set": "kfile://org.kustom.provider/icons/fontawesome.ttf",
                "icon_icon": "heart",
                "fx_gradient": "VERTICAL"
              },
              {
                "internal_type": "FontIconModule",
                "internal_toggles": {
                  "paint_color": 100,
                  "fx_gradient_color": 100
                },
                "internal_globals": {
                  "paint_color": "color 1",
                  "fx_gradient_color": "colour 4"
                },
                "icon_set": "kfile://org.kustom.provider/icons/fontawesome.ttf",
                "icon_icon": "heart"
              },
              {
                "internal_type": "FontIconModule",
                "internal_toggles": {
                  "paint_color": 100,
                  "fx_gradient_color": 100
                },
                "internal_globals": {
                  "paint_color": "color 3",
                  "fx_gradient_color": "colour 4"
                },
                "icon_set": "kfile://org.kustom.provider/icons/fontawesome.ttf",
                "icon_icon": "heart",
                "fx_gradient": "VERTICAL"
              },
              {
                "internal_type": "FontIconModule",
                "internal_toggles": {
                  "paint_color": 100,
                  "fx_gradient_color": 100
                },
                "internal_globals": {
                  "paint_color": "color 1",
                  "fx_gradient_color": "colour 4"
                },
                "icon_set": "kfile://org.kustom.provider/icons/fontawesome.ttf",
                "icon_icon": "heart"
              }
            ]
          },
          {
            "internal_type": "OverlapLayerModule",
            "position_padding_left": 50.0,
            "viewgroup_items": [
              {
                "internal_type": "OverlapLayerModule",
                "position_padding_left": 250.0,
                "viewgroup_items": [
                  {
                    "internal_type": "ShapeModule",
                    "shape_type": "RECT",
                    "shape_width": 380.0,
                    "shape_height": 60.0,
                    "paint_color": "#00FFFFFF"
                  },
                  {
                    "internal_type": "TextModule",
                    "internal_toggles": {
                      "paint_color": 100
                    },
                    "internal_globals": {
                      "paint_color": "color 1"
                    },
                    "text_expression": "$mi(title)$",
                    "text_size_type": "FIXED_WIDTH",
                    "text_width": 480.0,
                    "position_padding_left": 25.0,
                    "position_padding_right": 250.0,
                    "text_family": "kfile://org.kustom.provider/fonts/Lovebeat.otf",
                    "text_lines": 1.0,
                    "text_size": 18.0,
                    "text_filter": [
                      "UP"
                    ]
                  }
                ]
              },
              {
                "internal_type": "OverlapLayerModule",
                "position_padding_left": 850.0,
                "viewgroup_items": [
                  {
                    "internal_type": "ShapeModule",
                    "shape_type": "RECT",
                    "shape_width": 380.0,
                    "shape_height": 60.0,
                    "paint_color": "#00FFFFFF"
                  },
                  {
                    "internal_type": "TextModule",
                    "internal_toggles": {
                      "paint_color": 100
                    },
                    "internal_globals": {
                      "paint_color": "color 1"
                    },
                    "text_expression": "$mi(artist)$",
                    "text_size_type": "FIXED_WIDTH",
                    "text_width": 480.0,
                    "position_padding_right": 250.0,
                    "text_family": "kfile://org.kustom.provider/fonts/Lovebeat.otf",
                    "text_lines": 1.0,
                    "text_size": 18.0,
                    "text_filter": [
                      "UP"
                    ]
                  }
                ]
              }
            ]
          }
        ]
      }
    ]
  }
}