{
  "preset_info": {
    "archive": "",
    "author": "Yeswanth S",
    "description": "",
    "email": "yeswanthshanmugam@gmail.com",
    "features": "MUSIC",
    "pflags": 0,
    "hash": null,
    "height": 760,
    "id": "76ce44e3-3268-45d9-bb34-5ffbce991f2e",
    "locked": false,
    "release": 378512316,
    "ts": 1748272710227,
    "title": "Anya w2",
    "version": 13,
    "width": 1040,
    "xscreens": 0,
    "yscreens": 0
  },
  "preset_root": {
    "internal_type": "RootLayerModule",
    "globals_list": {
      "bg": {
        "index": 1,
        "type": "COLOR",
        "title": "Bg",
        "value": "#65FFFFFF"
      },
      "color": {
        "index": 2,
        "type": "COLOR",
        "title": "Color",
        "value": "#FFFFFFFF"
      },
      "bg opc": {
        "index": 4,
        "type": "COLOR",
        "title": "Bg opc",
        "value": "#7FFFFFFF"
      },
      "opaque ": {
        "index": 5,
        "type": "COLOR",
        "title": "opaque ",
        "value": "#00FFFFFF"
      },
      "text": {
        "index": 6,
        "type": "COLOR",
        "title": "Text",
        "value": "#FFFFFFFF"
      },
      "icon": {
        "index": 7,
        "type": "BITMAP",
        "title": "Icon",
        "value": "kfile://org.kustom.provider/bitmaps/IMG64bf8a317efbf8a9fc0e54675ee8c99e"
      }
    },
    "config_scale_value": 84.546005,
    "internal_events": [
      {
        "type": "SINGLE_TAP",
        "action": "KUSTOM_ACTION"
      }
    ],
    "viewgroup_items": [
      {
        "internal_type": "OverlapLayerModule",
        "config_scale_value": 77.0,
        "position_offset_y": 140.0,
        "internal_title": "Icon Grid",
        "viewgroup_items": [
          {
            "internal_type": "ShapeModule",
            "shape_type": "RECT",
            "shape_width": 880.0,
            "shape_height": 240.0,
            "shape_corners": 40,
            "paint_color": "#65FFFFFF",
            "internal_toggles": {
              "paint_color": 100
            },
            "internal_globals": {
              "paint_color": "bg"
            },
            "fx_shadow_blur": 6.0,
            "fx_shadow_direction": 5.0,
            "fx_shadow_distance": 2.0,
            "paint_stroke": 5.0
          },
          {
            "internal_type": "OverlapLayerModule",
            "viewgroup_items": [
              {
                "internal_type": "ShapeModule",
                "shape_width": 500.0,
                "position_padding_left": 375.0,
                "position_padding_bottom": 275.0,
                "internal_toggles": {
                  "paint_color": 100
                },
                "internal_globals": {
                  "paint_color": "opaque "
                }
              },
              {
                "internal_type": "ShapeModule",
                "shape_width": 500.0,
                "position_padding_left": 569.0,
                "position_padding_bottom": 254.0,
                "internal_toggles": {
                  "paint_color": 100,
                  "fx_gradient_bitmap": 100
                },
                "internal_globals": {
                  "paint_color": "color",
                  "fx_gradient_bitmap": "icon"
                },
                "fx_gradient": "BITMAP"
              }
            ]
          },
          {
            "internal_type": "ShapeModule",
            "shape_type": "RECT",
            "shape_width": 800.0,
            "shape_height": 160.0,
            "shape_corners": 40,
            "paint_color": "#4CFFFFFF",
            "position_padding_top": 25.0,
            "internal_toggles": {
              "paint_color": 100
            },
            "internal_globals": {
              "paint_color": "bg"
            },
            "paint_stroke": 5.0
          },
          {
            "internal_type": "OverlapLayerModule",
            "viewgroup_items": [
              {
                "internal_type": "StackLayerModule",
                "config_stacking": "HORIZONTAL_TOP",
                "config_margin": 40.0,
                "config_scale_value": 125.0,
                "position_padding_top": 25.0,
                "viewgroup_items": [
                  {
                    "internal_type": "OverlapLayerModule",
                    "internal_events": [
                      {
                        "type": "SINGLE_TAP",
                        "action": "LAUNCH_APP",
                        "intent": "intent:#Intent;action=android.intent.action.MAIN;category=android.intent.category.LAUNCHER;component=com.whatsapp/.Main;S.org.kustom.intent.label=WhatsApp;end"
                      }
                    ],
                    "viewgroup_items": [
                      {
                        "internal_type": "ShapeModule",
                        "shape_width": 80.0,
                        "paint_color": "#FF000000",
                        "internal_toggles": {
                          "paint_color": 100
                        },
                        "internal_globals": {
                          "paint_color": "opaque "
                        }
                      },
                      {
                        "internal_type": "FontIconModule",
                        "internal_toggles": {
                          "paint_color": 100
                        },
                        "internal_globals": {
                          "paint_color": "color"
                        },
                        "icon_set": "kfile://org.kustom.provider/icons/fontawesome.ttf",
                        "icon_icon": "whatsapp",
                        "icon_size": 45.0,
                        "paint_color": "#96FFFFFF"
                      }
                    ]
                  },
                  {
                    "internal_type": "OverlapLayerModule",
                    "internal_events": [
                      {
                        "type": "SINGLE_TAP",
                        "action": "LAUNCH_APP",
                        "intent": "intent:#Intent;action=android.intent.action.MAIN;category=android.intent.category.LAUNCHER;component=com.android.dialer/.main.impl.MainActivity;S.org.kustom.intent.label=Phone;end"
                      }
                    ],
                    "viewgroup_items": [
                      {
                        "internal_type": "ShapeModule",
                        "shape_width": 80.0,
                        "paint_color": "#FF000000",
                        "internal_toggles": {
                          "paint_color": 100
                        },
                        "internal_globals": {
                          "paint_color": "opaque "
                        }
                      },
                      {
                        "internal_type": "FontIconModule",
                        "internal_toggles": {
                          "paint_color": 100
                        },
                        "internal_globals": {
                          "paint_color": "color"
                        },
                        "icon_set": "kfile://org.kustom.provider/icons/eva_outline.ttf",
                        "icon_icon": "phone-outline",
                        "icon_size": 45.0,
                        "paint_color": "#96FFFFFF"
                      }
                    ]
                  },
                  {
                    "internal_type": "OverlapLayerModule",
                    "internal_events": [
                      {
                        "type": "SINGLE_TAP",
                        "action": "LAUNCH_APP",
                        "intent": "intent:#Intent;action=android.intent.action.MAIN;category=android.intent.category.LAUNCHER;component=org.bromite.bromite/com.google.android.apps.chrome.Main;S.org.kustom.intent.label=Bromite;end"
                      }
                    ],
                    "viewgroup_items": [
                      {
                        "internal_type": "ShapeModule",
                        "shape_width": 80.0,
                        "paint_color": "#FF000000",
                        "internal_toggles": {
                          "paint_color": 100
                        },
                        "internal_globals": {
                          "paint_color": "opaque "
                        }
                      },
                      {
                        "internal_type": "FontIconModule",
                        "internal_toggles": {
                          "paint_color": 100
                        },
                        "internal_globals": {
                          "paint_color": "color"
                        },
                        "icon_set": "kfile://org.kustom.provider/icons/fontawesome.ttf",
                        "icon_icon": "chrome",
                        "icon_size": 45.0,
                        "paint_color": "#96FFFFFF"
                      }
                    ]
                  },
                  {
                    "internal_type": "OverlapLayerModule",
                    "internal_events": [
                      {
                        "type": "SINGLE_TAP",
                        "action": "LAUNCH_APP",
                        "intent": "intent:#Intent;action=android.intent.action.MAIN;category=android.intent.category.LAUNCHER;component=com.spotify.music/.MainActivity;S.org.kustom.intent.label=Spotify;end"
                      }
                    ],
                    "viewgroup_items": [
                      {
                        "internal_type": "ShapeModule",
                        "shape_width": 80.0,
                        "paint_color": "#FF000000",
                        "internal_toggles": {
                          "paint_color": 100
                        },
                        "internal_globals": {
                          "paint_color": "opaque "
                        }
                      },
                      {
                        "internal_type": "FontIconModule",
                        "internal_toggles": {
                          "paint_color": 100
                        },
                        "internal_globals": {
                          "paint_color": "color"
                        },
                        "icon_set": "kfile://org.kustom.provider/icons/fontawesome.ttf",
                        "icon_icon": "spotify",
                        "icon_size": 45.0,
                        "paint_color": "#96FFFFFF"
                      }
                    ]
                  },
                  {
                    "internal_type": "OverlapLayerModule",
                    "internal_events": [
                      {
                        "type": "SINGLE_TAP",
                        "action": "LAUNCH_APP",
                        "intent": "intent:#Intent;action=android.intent.action.MAIN;category=android.intent.category.LAUNCHER;component=org.thunderdog.challegram/.MainActivity;S.org.kustom.intent.label=Telegram%20X;end"
                      }
                    ],
                    "viewgroup_items": [
                      {
                        "internal_type": "ShapeModule",
                        "shape_width": 80.0,
                        "paint_color": "#FF000000",
                        "internal_toggles": {
                          "paint_color": 100
                        },
                        "internal_globals": {
                          "paint_color": "opaque "
                        }
                      },
                      {
                        "internal_type": "FontIconModule",
                        "internal_toggles": {
                          "paint_color": 100
                        },
                        "internal_globals": {
                          "paint_color": "color"
                        },
                        "icon_set": "kfile://org.kustom.provider/icons/eva_outline.ttf",
                        "icon_icon": "navigation-2-outline",
                        "icon_size": 45.0,
                        "paint_color": "#96FFFFFF"
                      }
                    ]
                  }
                ]
              }
            ]
          }
        ]
      },
      {
        "internal_type": "OverlapLayerModule",
        "position_offset_x": -180.0,
        "position_offset_y": -100.0,
        "internal_title": "Music",
        "config_scale_value": 110.0,
        "viewgroup_items": [
          {
            "internal_type": "OverlapLayerModule",
            "position_padding_left": 325.0,
            "viewgroup_items": [
              {
                "internal_type": "OverlapLayerModule",
                "position_padding_left": 225.0,
                "position_padding_bottom": 25.0,
                "viewgroup_items": [
                  {
                    "internal_type": "ShapeModule",
                    "shape_type": "RECT",
                    "shape_width": 190.0,
                    "shape_height": 55.0,
                    "shape_corners": 40,
                    "paint_color": "#65FFFFFF",
                    "position_padding_top": 25.0,
                    "internal_toggles": {
                      "paint_color": 100
                    },
                    "internal_globals": {
                      "paint_color": "text"
                    },
                    "position_padding_left": 175.0,
                    "paint_style": "STROKE",
                    "paint_stroke": 5.0
                  },
                  {
                    "internal_type": "StackLayerModule",
                    "config_stacking": "HORIZONTAL_CENTER",
                    "position_padding_left": 200.0,
                    "config_scale_value": 125.0,
                    "position_padding_right": 25.0,
                    "position_padding_top": 25.0,
                    "viewgroup_items": [
                      {
                        "internal_type": "OverlapLayerModule",
                        "internal_events": [
                          {
                            "type": "SINGLE_TAP",
                            "action": "MUSIC",
                            "music_action": "PREVIOUS"
                          }
                        ],
                        "viewgroup_items": [
                          {
                            "internal_type": "ShapeModule",
                            "internal_toggles": {
                              "paint_color": 100
                            },
                            "internal_globals": {
                              "paint_color": "opaque "
                            },
                            "shape_width": 40.0
                          },
                          {
                            "internal_type": "FontIconModule",
                            "icon_icon": "skip-start",
                            "icon_size": 25.0,
                            "icon_set": "kfile://org.kustom.provider/icons/bootstrap.ttf",
                            "internal_toggles": {
                              "paint_color": 100
                            },
                            "internal_globals": {
                              "paint_color": "text"
                            }
                          }
                        ]
                      },
                      {
                        "internal_type": "OverlapLayerModule",
                        "internal_events": [
                          {
                            "type": "SINGLE_TAP",
                            "action": "MUSIC"
                          }
                        ],
                        "viewgroup_items": [
                          {
                            "internal_type": "OverlapLayerModule",
                            "internal_toggles": {
                              "config_visible": 10
                            },
                            "internal_formulas": {
                              "config_visible": "$if(mi(state) = playing, REMOVE, ALWAYS)$"
                            },
                            "internal_events": [
                              {
                                "type": "SINGLE_TAP",
                                "action": "NONE"
                              }
                            ],
                            "viewgroup_items": [
                              {
                                "internal_type": "ShapeModule",
                                "internal_toggles": {
                                  "paint_color": 100
                                },
                                "internal_globals": {
                                  "paint_color": "opaque "
                                },
                                "shape_width": 40.0
                              },
                              {
                                "internal_type": "FontIconModule",
                                "icon_size": 35.0,
                                "icon_icon": "play-fill",
                                "icon_set": "kfile://org.kustom.provider/icons/bootstrap.ttf",
                                "internal_toggles": {
                                  "paint_color": 100
                                },
                                "internal_globals": {
                                  "paint_color": "text"
                                }
                              }
                            ]
                          },
                          {
                            "internal_type": "OverlapLayerModule",
                            "internal_toggles": {
                              "config_visible": 10
                            },
                            "internal_formulas": {
                              "config_visible": "$if(mi(state) = playing, ALWAYS, REMOVE)$"
                            },
                            "viewgroup_items": [
                              {
                                "internal_type": "ShapeModule",
                                "internal_toggles": {
                                  "paint_color": 100
                                },
                                "internal_globals": {
                                  "paint_color": "opaque "
                                },
                                "shape_width": 40.0
                              },
                              {
                                "internal_type": "FontIconModule",
                                "icon_size": 35.0,
                                "icon_icon": "pause-fill",
                                "icon_set": "kfile://org.kustom.provider/icons/bootstrap.ttf",
                                "internal_toggles": {
                                  "paint_color": 100
                                },
                                "internal_globals": {
                                  "paint_color": "text"
                                }
                              }
                            ]
                          }
                        ]
                      },
                      {
                        "internal_type": "OverlapLayerModule",
                        "internal_events": [
                          {
                            "type": "SINGLE_TAP",
                            "action": "MUSIC",
                            "music_action": "NEXT"
                          }
                        ],
                        "viewgroup_items": [
                          {
                            "internal_type": "ShapeModule",
                            "internal_toggles": {
                              "paint_color": 100
                            },
                            "internal_globals": {
                              "paint_color": "opaque "
                            },
                            "shape_width": 40.0
                          },
                          {
                            "internal_type": "FontIconModule",
                            "icon_icon": "skip-end",
                            "icon_size": 25.0,
                            "icon_set": "kfile://org.kustom.provider/icons/bootstrap.ttf",
                            "internal_toggles": {
                              "paint_color": 100
                            },
                            "internal_globals": {
                              "paint_color": "text"
                            }
                          }
                        ]
                      }
                    ]
                  }
                ]
              },
              {
                "internal_type": "OverlapLayerModule",
                "position_padding_right": 525.0,
                "viewgroup_items": [
                  {
                    "internal_type": "FontIconModule",
                    "icon_set": "kfile://org.kustom.provider/icons/entypo.ttf",
                    "icon_icon": "note",
                    "icon_size": 35.0,
                    "internal_toggles": {
                      "paint_color": 100
                    },
                    "internal_globals": {
                      "paint_color": "text"
                    }
                  }
                ]
              },
              {
                "internal_type": "StackLayerModule",
                "position_padding_right": 140.0,
                "viewgroup_items": [
                  {
                    "internal_type": "TextModule",
                    "text_expression": "$mi(title)$",
                    "text_size_type": "FIXED_WIDTH",
                    "text_width": 300.0,
                    "text_lines": 1.0,
                    "text_family": "kfile://org.kustom.provider/fonts/Meltix_Bold_italic_Demo.otf",
                    "internal_toggles": {
                      "paint_color": 100
                    },
                    "internal_globals": {
                      "paint_color": "text"
                    }
                  },
                  {
                    "internal_type": "TextModule",
                    "text_expression": "$mi(artist)$",
                    "text_size_type": "FIXED_WIDTH",
                    "text_width": 300.0,
                    "text_lines": 1.0,
                    "text_family": "kfile://org.kustom.provider/fonts/Meltix_Bold_italic_Demo.otf",
                    "internal_toggles": {
                      "paint_color": 100
                    },
                    "internal_globals": {
                      "paint_color": "text"
                    }
                  }
                ]
              }
            ]
          }
        ]
      }
    ]
  }
}