{
  "preset_info": {
    "archive": "",
    "author": "Yeswanth S",
    "description": "",
    "email": "yeswanthshanmugam@gmail.com",
    "features": "LOCATION WEATHER FORECAST MUSIC",
    "pflags": 0,
    "hash": null,
    "height": 760,
    "id": "d6345c0f-e20e-4f46-b8a6-2b03699ec1ae",
    "locked": false,
    "release": 378512316,
    "ts": 1748272739498,
    "title": "Anya w1",
    "version": 13,
    "width": 1040,
    "xscreens": 0,
    "yscreens": 0
  },
  "preset_root": {
    "internal_type": "RootLayerModule",
    "globals_list": {
      "bg": {
        "index": 1,
        "type": "COLOR",
        "title": "Bg",
        "value": "#65FFFFFF"
      },
      "color": {
        "index": 2,
        "type": "COLOR",
        "title": "Color",
        "value": "#FF000000"
      },
      "bg opc": {
        "index": 4,
        "type": "COLOR",
        "title": "Bg opc",
        "value": "#7FFFFFFF"
      },
      "opaque ": {
        "index": 5,
        "type": "COLOR",
        "title": "opaque ",
        "value": "#00FFFFFF"
      },
      "text": {
        "index": 6,
        "type": "COLOR",
        "title": "Text",
        "value": "#FFFFFFFF"
      },
      "icon": {
        "index": 7,
        "type": "BITMAP",
        "title": "Icon",
        "value": "kfile://org.kustom.provider/bitmaps/IMGddd345349f6834dbf6e5fcfe6a30515a"
      },
      "name": {
        "index": 8,
        "type": "TEXT",
        "title": "Name",
        "value": "Yesh"
      }
    },
    "config_scale_value": 76.85669,
    "internal_events": [
      {
        "type": "SINGLE_TAP",
        "action": "KUSTOM_ACTION"
      }
    ],
    "viewgroup_items": [
      {
        "internal_type": "OverlapLayerModule",
        "position_offset_y": -20.0,
        "viewgroup_items": [
          {
            "internal_type": "ShapeModule",
            "shape_type": "RECT",
            "shape_width": 740.0,
            "shape_height": 440.0,
            "shape_corners": 40.0,
            "paint_stroke": 5.0,
            "internal_toggles": {
              "paint_color": 100
            },
            "internal_globals": {
              "paint_color": "text"
            },
            "paint_style": "STROKE"
          },
          {
            "internal_type": "OverlapLayerModule",
            "position_offset_x": -20.0,
            "position_padding_right": 50.0,
            "position_padding_top": 75.0,
            "viewgroup_items": [
              {
                "internal_type": "OverlapLayerModule",
                "config_rotate_offset": 8,
                "viewgroup_items": [
                  {
                    "internal_type": "ShapeModule",
                    "internal_toggles": {
                      "paint_color": 100,
                      "fx_gradient_bitmap": 100
                    },
                    "internal_globals": {
                      "paint_color": "color",
                      "fx_gradient_bitmap": "icon"
                    },
                    "shape_width": 403.0,
                    "position_padding_left": 458.0,
                    "fx_gradient": "BITMAP",
                    "position_padding_top": 48.0
                  },
                  {
                    "internal_type": "ShapeModule",
                    "shape_type": "RECT",
                    "shape_width": 300.0,
                    "shape_height": 380.0,
                    "shape_corners": 35.0,
                    "paint_style": "STROKE",
                    "position_padding_left": 450.0,
                    "position_padding_bottom": 50.0,
                    "paint_stroke": 5.0
                  }
                ]
              }
            ]
          },
          {
            "internal_type": "StackLayerModule",
            "position_padding_right": 475.0,
            "position_padding_bottom": 150.0,
            "config_margin": -35.0,
            "position_padding_top": 125.0,
            "position_padding_left": 75.0,
            "viewgroup_items": [
              {
                "internal_type": "StackLayerModule",
                "position_padding_left": 25.0,
                "viewgroup_items": [
                  {
                    "internal_type": "OverlapLayerModule",
                    "position_padding_top": 50.0,
                    "viewgroup_items": [
                      {
                        "internal_type": "TextModule",
                        "text_family": "kfile://org.kustom.provider/fonts/marguerite.ttf",
                        "text_size": 44.0,
                        "paint_color": "#FF6F6F6F",
                        "position_anchor": "CENTERLEFT",
                        "position_padding_right": 50.0,
                        "position_padding_bottom": 75.0,
                        "internal_toggles": {
                          "paint_color": 100
                        },
                        "internal_globals": {
                          "paint_color": "text"
                        },
                        "text_expression": "Hello"
                      },
                      {
                        "internal_type": "StackLayerModule",
                        "config_stacking": "HORIZONTAL_CENTER",
                        "config_margin": 20.0,
                        "position_padding_right": 50.0,
                        "viewgroup_items": [
                          {
                            "internal_type": "FontIconModule",
                            "icon_set": "kfile://org.kustom.provider/icons/fontawesome.ttf",
                            "icon_icon": "close, remove, times",
                            "icon_size": 13.0,
                            "internal_toggles": {
                              "paint_color": 0
                            },
                            "internal_globals": {
                              "paint_color": "text"
                            },
                            "paint_stroke": 3.0
                          },
                          {
                            "internal_type": "FontIconModule",
                            "icon_set": "kfile://org.kustom.provider/icons/fontawesome.ttf",
                            "icon_icon": "close, remove, times",
                            "icon_size": 13.0,
                            "internal_toggles": {
                              "paint_color": 0
                            },
                            "internal_globals": {
                              "paint_color": "text"
                            },
                            "paint_stroke": 3.0
                          },
                          {
                            "internal_type": "FontIconModule",
                            "icon_set": "kfile://org.kustom.provider/icons/fontawesome.ttf",
                            "icon_icon": "close, remove, times",
                            "icon_size": 13.0,
                            "internal_toggles": {
                              "paint_color": 0
                            },
                            "internal_globals": {
                              "paint_color": "text"
                            },
                            "paint_stroke": 3.0
                          },
                          {
                            "internal_type": "FontIconModule",
                            "icon_set": "kfile://org.kustom.provider/icons/fontawesome.ttf",
                            "icon_icon": "close, remove, times",
                            "icon_size": 13.0,
                            "internal_toggles": {
                              "paint_color": 0
                            },
                            "internal_globals": {
                              "paint_color": "text"
                            },
                            "paint_stroke": 3.0
                          },
                          {
                            "internal_type": "FontIconModule",
                            "icon_set": "kfile://org.kustom.provider/icons/fontawesome.ttf",
                            "icon_icon": "close, remove, times",
                            "icon_size": 13.0,
                            "internal_toggles": {
                              "paint_color": 0
                            },
                            "internal_globals": {
                              "paint_color": "text"
                            },
                            "paint_stroke": 3.0
                          }
                        ]
                      }
                    ]
                  }
                ]
              },
              {
                "internal_type": "OverlapLayerModule",
                "viewgroup_items": [
                  {
                    "internal_type": "StackLayerModule",
                    "config_margin": 9.0,
                    "viewgroup_items": [
                      {
                        "internal_type": "StackLayerModule",
                        "config_stacking": "HORIZONTAL_CENTER",
                        "config_margin": 20.0,
                        "viewgroup_items": [
                          {
                            "internal_type": "FontIconModule",
                            "icon_set": "kfile://org.kustom.provider/icons/fontawesome.ttf",
                            "icon_icon": "angle-double-right",
                            "icon_size": 14.0,
                            "internal_toggles": {
                              "paint_color": 0
                            },
                            "internal_globals": {
                              "paint_color": "text"
                            },
                            "paint_stroke": 3.0
                          },
                          {
                            "internal_type": "TextModule",
                            "text_expression": "[b]Today's $df(EEEE)$[/b]",
                            "text_family": "kfile://org.kustom.provider/fonts/CutiveMono.ttf",
                            "text_size": 25.0
                          }
                        ]
                      },
                      {
                        "internal_type": "StackLayerModule",
                        "config_stacking": "HORIZONTAL_CENTER",
                        "config_margin": 20.0,
                        "viewgroup_items": [
                          {
                            "internal_type": "FontIconModule",
                            "icon_set": "kfile://org.kustom.provider/icons/fontawesome.ttf",
                            "icon_icon": "angle-double-right",
                            "icon_size": 14.0,
                            "internal_toggles": {
                              "paint_color": 0
                            },
                            "internal_globals": {
                              "paint_color": "text"
                            },
                            "paint_stroke": 3.0
                          },
                          {
                            "internal_type": "TextModule",
                            "text_expression": "[b]$df(d MMM yyyy)$[/b]",
                            "text_family": "kfile://org.kustom.provider/fonts/CutiveMono.ttf",
                            "text_size": 25.0
                          }
                        ]
                      },
                      {
                        "internal_type": "StackLayerModule",
                        "config_stacking": "HORIZONTAL_CENTER",
                        "config_margin": 20.0,
                        "viewgroup_items": [
                          {
                            "internal_type": "FontIconModule",
                            "icon_set": "kfile://org.kustom.provider/icons/fontawesome.ttf",
                            "icon_icon": "angle-double-right",
                            "icon_size": 14.0,
                            "internal_toggles": {
                              "paint_color": 0
                            },
                            "internal_globals": {
                              "paint_color": "text"
                            },
                            "paint_stroke": 3.0
                          },
                          {
                            "internal_type": "TextModule",
                            "text_expression": "[b]$df(hh:mma)$[/b]",
                            "text_family": "kfile://org.kustom.provider/fonts/CutiveMono.ttf",
                            "text_size": 25.0
                          }
                        ]
                      }
                    ]
                  }
                ]
              }
            ]
          },
          {
            "internal_type": "OverlapLayerModule",
            "position_padding_right": 163.0,
            "position_padding_left": 100.0,
            "position_padding_top": 550.0,
            "position_padding_bottom": 225.0,
            "viewgroup_items": [
              {
                "internal_type": "OverlapLayerModule",
                "position_padding_right": 546.0,
                "viewgroup_items": [
                  {
                    "internal_type": "ShapeModule",
                    "internal_toggles": {
                      "fx_gradient": 10,
                      "paint_color": 100
                    },
                    "internal_formulas": {
                      "fx_gradient": "$mi(cover)$"
                    },
                    "internal_globals": {
                      "paint_color": "bg"
                    },
                    "shape_type": "CIRCLE",
                    "shape_width": 60.0
                  },
                  {
                    "internal_type": "KomponentModule",
                    "globals_list": {
                      "icon": {
                        "index": 1,
                        "type": "LIST",
                        "title": "Icon",
                        "entries": "\"$wi(icon)$\"##Current,\"$wf(icon, 0)$\"##Today Forecast,\"$wf(icon, 1)$\"##Tomorrow Forecast,\"$wf(icon, 2)$\"##2 Days Forecast,\"$wf(icon, 3)$\"##3 Days Forecast,\"$wf(icon, 4)$\"##4 Days Forecast,\"$wf(icon, 5)$\"##5 Days Forecast,\"$wf(icon, 6)$\"##6 Days Forecast,\"$wf(icon, 7)$\"##7 Days Forecast,\"$wf(icon, 8)$\"##8 Days Forecast,\"$wf(icon, 9)$\"##9 Days Forecast",
                        "value": "$wf(icon, 0)$"
                      },
                      "nightico": {
                        "index": 2,
                        "type": "SWITCH",
                        "title": "NightIco",
                        "value": 1
                      },
                      "color": {
                        "index": 3,
                        "type": "COLOR",
                        "title": "Color",
                        "value": "#FFFFFFFF"
                      },
                      "size": {
                        "index": 4,
                        "type": "NUMBER",
                        "title": "Size",
                        "min": 10,
                        "max": 720,
                        "value": 40.0
                      }
                    },
                    "internal_title": "FontWeatherFilled",
                    "internal_locked": "true",
                    "viewgroup_items": [
                      {
                        "internal_type": "FontIconModule",
                        "internal_toggles": {
                          "icon_icon": 10,
                          "paint_color": 100,
                          "icon_size": 100
                        },
                        "internal_formulas": {
                          "icon_icon": "$if(gv(icon) = CLEAR, if(ai(isday) | gv(nightico) = 0, Sun3, Moon2))$$if(gv(icon) = MCLOUDY, Cloudy4)$$if(gv(icon) = PCLOUDY, if(ai(isday) | gv(nightico) = 0, Cloudy3, Cloud4))$$if(gv(icon) = WINDY, Windy4)$$if(gv(icon) = FOG, if(ai(isday) | gv(nightico) = 0, Fogday, Fognight))$$if(gv(icon) = HAIL, Snowshower2)$$if(gv(icon) = SNOW, Snowy5)$$if(gv(icon) = LSNOW, Snowy4)$$if(gv(icon) = SLEET, Snowshower2)$$if(gv(icon) = RAIN, Rainy3)$$if(gv(icon) = SHOWER, Rainy4)$$if(gv(icon) = TSHOWER, Lightning5)$$if(gv(icon) = TSTORM, Lightning4)$$if(gv(icon) = TORNADO, Tornado)$$if(gv(icon) = UNKNOWN, None)$"
                        },
                        "icon_set": "kfile://org.kustom.provider/icons/meteo.ttf",
                        "icon_icon": "rainy2",
                        "internal_globals": {
                          "paint_color": "color",
                          "icon_size": "size"
                        }
                      }
                    ]
                  }
                ]
              },
              {
                "internal_type": "ShapeModule",
                "internal_toggles": {
                  "paint_color": 100
                },
                "internal_globals": {
                  "paint_color": "text"
                },
                "shape_type": "RECT",
                "shape_width": 219.0,
                "shape_height": 75.0,
                "shape_corners": 40,
                "paint_style": "STROKE",
                "paint_stroke": 3.0,
                "position_padding_right": 400.0
              },
              {
                "internal_type": "OverlapLayerModule",
                "position_padding_left": 25.0,
                "position_padding_right": 175.0,
                "position_padding_bottom": 25.0,
                "viewgroup_items": [
                  {
                    "internal_type": "TextModule",
                    "text_expression": "$wi(tempc)$°C",
                    "text_size_type": "FIXED_WIDTH",
                    "text_width": 300.0,
                    "text_lines": 1.0,
                    "text_family": "kfile://org.kustom.provider/fonts/Lovebeat.otf",
                    "internal_toggles": {
                      "paint_color": 100
                    },
                    "internal_globals": {
                      "paint_color": "text"
                    }
                  },
                  {
                    "internal_type": "TextModule",
                    "text_expression": "$li(admin)$",
                    "text_size_type": "FIXED_WIDTH",
                    "text_width": 300.0,
                    "text_lines": 1.0,
                    "text_family": "kfile://org.kustom.provider/fonts/Meltix_Bold_italic_Demo.otf",
                    "internal_toggles": {
                      "paint_color": 100
                    },
                    "internal_globals": {
                      "paint_color": "text"
                    },
                    "position_padding_right": 5.0,
                    "position_padding_top": 50.0
                  }
                ]
              }
            ]
          }
        ]
      }
    ]
  }
}