{
  "preset_info": {
    "archive": "",
    "author": "Yeswanth S ",
    "description": "",
    "email": "yeswanthshanmugam@gmail.com",
    "features": "TRAFFIC",
    "pflags": 0,
    "hash": null,
    "height": 360,
    "id": "5c27449e-718c-4e3c-8b4b-d2370c43239d",
    "locked": false,
    "release": 378512316,
    "ts": 1748256856326,
    "title": "Cyber w4 v2",
    "version": 13,
    "width": 1040,
    "xscreens": 0,
    "yscreens": 0
  },
  "preset_root": {
    "internal_events": [
      {
        "action": "KUSTOM_ACTION"
      }
    ],
    "internal_type": "RootLayerModule",
    "globals_list": {
      "c1": {
        "index": 1,
        "type": "COLOR",
        "title": "C1",
        "value": "#FFFCF632"
      },
      "c2": {
        "index": 2,
        "type": "COLOR",
        "title": "C2",
        "value": "#FFF0EFFF"
      },
      "bg": {
        "index": 3,
        "type": "COLOR",
        "title": "Bg",
        "value": "#FF000000"
      }
    },
    "viewgroup_items": [
      {
        "internal_type": "OverlapLayerModule",
        "position_offset_x": 5.0,
        "viewgroup_items": [
          {
            "internal_type": "StackLayerModule",
            "config_stacking": "HORIZONTAL_CENTER",
            "viewgroup_items": [
              {
                "internal_type": "OverlapLayerModule",
                "viewgroup_items": [
                  {
                    "internal_type": "ShapeModule",
                    "shape_type": "PATH",
                    "shape_width": 280.0,
                    "shape_height": 280.0,
                    "shape_path": "M20 0 H130 A10 10 0 0 1 140 10 V70 L130 80 H20 A10 10 0 0 1 10 70 V10 L20 0 Z",
                    "paint_style": "STROKE",
                    "paint_stroke": 3.0,
                    "position_padding_top": 125.0,
                    "shape_rotate_mode": "FLIP_Y",
                    "shape_rotate_offset": 180.0,
                    "internal_toggles": {
                      "paint_color": 100
                    },
                    "internal_globals": {
                      "paint_color": "c1"
                    }
                  },
                  {
                    "internal_type": "OverlapLayerModule",
                    "viewgroup_items": [
                      {
                        "internal_type": "StackLayerModule",
                        "config_margin": 10.0,
                        "viewgroup_items": [
                          {
                            "internal_type": "TextModule",
                            "text_expression": "Network Info",
                            "text_family": "kfile://org.kustom.provider/fonts/JetBrains Mono.ttf",
                            "internal_toggles": {
                              "paint_color": 100
                            },
                            "internal_globals": {
                              "paint_color": "c1"
                            }
                          },
                          {
                            "internal_type": "StackLayerModule",
                            "config_stacking": "HORIZONTAL_CENTER",
                            "config_margin": -10.0,
                            "viewgroup_items": [
                              {
                                "internal_type": "StackLayerModule",
                                "config_stacking": "HORIZONTAL_CENTER",
                                "position_padding_right": 2.0,
                                "viewgroup_items": [
                                  {
                                    "internal_type": "FontIconModule",
                                    "icon_icon": "keyboard_arrow_down",
                                    "icon_size": 20.0,
                                    "internal_toggles": {
                                      "paint_color": 100
                                    },
                                    "internal_globals": {
                                      "paint_color": "c1"
                                    }
                                  },
                                  {
                                    "internal_type": "TextModule",
                                    "text_expression": "$ts(trx)$",
                                    "text_family": "kfile://org.kustom.provider/fonts/JetBrains Mono.ttf",
                                    "text_size_type": "FIXED_WIDTH",
                                    "text_width": 100.0,
                                    "text_size": 16.0,
                                    "internal_toggles": {
                                      "paint_color": 100
                                    },
                                    "internal_globals": {
                                      "paint_color": "c2"
                                    }
                                  }
                                ]
                              },
                              {
                                "internal_type": "StackLayerModule",
                                "config_stacking": "HORIZONTAL_CENTER",
                                "position_padding_right": 2.0,
                                "viewgroup_items": [
                                  {
                                    "internal_type": "FontIconModule",
                                    "icon_icon": "arrow_drop_up",
                                    "icon_size": 20.0,
                                    "internal_toggles": {
                                      "paint_color": 100
                                    },
                                    "internal_globals": {
                                      "paint_color": "c1"
                                    }
                                  },
                                  {
                                    "internal_type": "TextModule",
                                    "text_expression": "$ts(ttx)$",
                                    "text_family": "kfile://org.kustom.provider/fonts/JetBrains Mono.ttf",
                                    "text_size_type": "FIXED_WIDTH",
                                    "text_width": 101.0,
                                    "text_size": 16.0,
                                    "internal_toggles": {
                                      "paint_color": 100
                                    },
                                    "internal_globals": {
                                      "paint_color": "c2"
                                    },
                                    "text_lines": 1.0
                                  }
                                ]
                              }
                            ]
                          },
                          {
                            "internal_type": "TextModule",
                            "text_expression": "System Info",
                            "text_family": "kfile://org.kustom.provider/fonts/JetBrains Mono.ttf",
                            "internal_toggles": {
                              "paint_color": 100
                            },
                            "internal_globals": {
                              "paint_color": "c1"
                            }
                          },
                          {
                            "internal_type": "StackLayerModule",
                            "config_stacking": "HORIZONTAL_CENTER",
                            "viewgroup_items": [
                              {
                                "internal_type": "StackLayerModule",
                                "config_stacking": "HORIZONTAL_CENTER",
                                "viewgroup_items": [
                                  {
                                    "internal_type": "TextModule",
                                    "text_expression": "CPU: $rm(cused)$%",
                                    "text_family": "kfile://org.kustom.provider/fonts/JetBrains Mono.ttf",
                                    "text_size_type": "FIXED_WIDTH",
                                    "text_width": 100.0,
                                    "text_size": 17.0,
                                    "internal_toggles": {
                                      "paint_color": 100
                                    },
                                    "internal_globals": {
                                      "paint_color": "c2"
                                    }
                                  }
                                ]
                              },
                              {
                                "internal_type": "StackLayerModule",
                                "config_stacking": "HORIZONTAL_CENTER",
                                "viewgroup_items": [
                                  {
                                    "internal_type": "TextModule",
                                    "text_expression": "RAM: $mu(round, rm(mused)/1000, 2)$ GB",
                                    "text_family": "kfile://org.kustom.provider/fonts/JetBrains Mono.ttf",
                                    "text_size_type": "FIXED_WIDTH",
                                    "text_width": 120.0,
                                    "text_size": 17.0,
                                    "internal_toggles": {
                                      "paint_color": 100
                                    },
                                    "internal_globals": {
                                      "paint_color": "c2"
                                    }
                                  }
                                ]
                              }
                            ]
                          }
                        ]
                      }
                    ]
                  }
                ]
              },
              {
                "internal_type": "OverlapLayerModule",
                "viewgroup_items": [
                  {
                    "internal_type": "ShapeModule",
                    "shape_type": "PATH",
                    "shape_width": 280.0,
                    "shape_height": 280.0,
                    "shape_path": "M20 0 H130 A10 10 0 0 1 140 10 V70 L130 80 H20 A10 10 0 0 1 10 70 V10 L20 0 Z",
                    "paint_style": "STROKE",
                    "paint_stroke": 3.0,
                    "position_padding_top": 125.0,
                    "shape_rotate_offset": 180.0,
                    "internal_toggles": {
                      "paint_color": 100
                    },
                    "internal_globals": {
                      "paint_color": "c2"
                    }
                  },
                  {
                    "internal_type": "StackLayerModule",
                    "config_margin": 25.0,
                    "position_padding_left": 50.0,
                    "viewgroup_items": [
                      {
                        "internal_type": "StackLayerModule",
                        "config_stacking": "HORIZONTAL_CENTER",
                        "viewgroup_items": [
                          {
                            "internal_type": "StackLayerModule",
                            "config_stacking": "HORIZONTAL_CENTER",
                            "position_padding_right": 2.0,
                            "config_margin": 3.0,
                            "internal_events": [
                              {
                                "type": "SINGLE_TAP",
                                "action": "LAUNCH_APP",
                                "intent": "intent:#Intent;action=android.intent.action.MAIN;category=android.intent.category.LAUNCHER;component=com.metrolist.music/.MainActivity;S.org.kustom.intent.label=Metrolist;end"
                              }
                            ],
                            "viewgroup_items": [
                              {
                                "internal_type": "FontIconModule",
                                "icon_icon": "fiber_manual_record",
                                "icon_size": 16.0,
                                "internal_toggles": {
                                  "paint_color": 100
                                },
                                "internal_globals": {
                                  "paint_color": "c1"
                                }
                              },
                              {
                                "internal_type": "TextModule",
                                "text_expression": "Spotify",
                                "text_family": "kfile://org.kustom.provider/fonts/JetBrains Mono.ttf",
                                "text_size_type": "FIXED_WIDTH",
                                "text_width": 100.0,
                                "text_size": 16.0,
                                "internal_toggles": {
                                  "paint_color": 100
                                },
                                "internal_globals": {
                                  "paint_color": "c2"
                                }
                              }
                            ]
                          },
                          {
                            "internal_type": "StackLayerModule",
                            "config_stacking": "HORIZONTAL_CENTER",
                            "position_padding_right": 2.0,
                            "config_margin": 3.0,
                            "internal_events": [
                              {
                                "type": "SINGLE_TAP",
                                "action": "LAUNCH_APP",
                                "intent": "intent:#Intent;action=android.intent.action.MAIN;category=android.intent.category.LAUNCHER;component=com.google.android.youtube/.app.honeycomb.Shell%24HomeActivity;S.org.kustom.intent.label=YouTube;end"
                              }
                            ],
                            "viewgroup_items": [
                              {
                                "internal_type": "FontIconModule",
                                "icon_icon": "fiber_manual_record",
                                "icon_size": 16.0,
                                "internal_toggles": {
                                  "paint_color": 100
                                },
                                "internal_globals": {
                                  "paint_color": "c1"
                                }
                              },
                              {
                                "internal_type": "TextModule",
                                "text_expression": "YouTube",
                                "text_family": "kfile://org.kustom.provider/fonts/JetBrains Mono.ttf",
                                "text_size_type": "FIXED_WIDTH",
                                "text_width": 100.0,
                                "text_size": 16.0,
                                "internal_toggles": {
                                  "paint_color": 100
                                },
                                "internal_globals": {
                                  "paint_color": "c2"
                                }
                              }
                            ]
                          }
                        ]
                      },
                      {
                        "internal_type": "StackLayerModule",
                        "config_stacking": "HORIZONTAL_CENTER",
                        "viewgroup_items": [
                          {
                            "internal_type": "StackLayerModule",
                            "config_stacking": "HORIZONTAL_CENTER",
                            "position_padding_right": 2.0,
                            "config_margin": 3.0,
                            "internal_events": [
                              {
                                "type": "SINGLE_TAP",
                                "action": "LAUNCH_APP",
                                "intent": "intent:#Intent;action=android.intent.action.MAIN;category=android.intent.category.LAUNCHER;component=io.github.forkmaintainers.iceraven/.App;S.org.kustom.intent.label=Iceraven;end"
                              }
                            ],
                            "viewgroup_items": [
                              {
                                "internal_type": "FontIconModule",
                                "icon_icon": "fiber_manual_record",
                                "icon_size": 16.0,
                                "internal_toggles": {
                                  "paint_color": 100
                                },
                                "internal_globals": {
                                  "paint_color": "c1"
                                }
                              },
                              {
                                "internal_type": "TextModule",
                                "text_expression": "Browser",
                                "text_family": "kfile://org.kustom.provider/fonts/JetBrains Mono.ttf",
                                "text_size_type": "FIXED_WIDTH",
                                "text_width": 100.0,
                                "text_size": 16.0,
                                "internal_toggles": {
                                  "paint_color": 100
                                },
                                "internal_globals": {
                                  "paint_color": "c2"
                                }
                              }
                            ]
                          },
                          {
                            "internal_type": "StackLayerModule",
                            "config_stacking": "HORIZONTAL_CENTER",
                            "position_padding_right": 2.0,
                            "config_margin": 3.0,
                            "internal_events": [
                              {
                                "type": "SINGLE_TAP",
                                "action": "LAUNCH_APP",
                                "intent": "intent:#Intent;action=android.intent.action.MAIN;category=android.intent.category.LAUNCHER;component=ch.protonmail.android/.MainActivity;S.org.kustom.intent.label=Proton%20Mail;end"
                              }
                            ],
                            "viewgroup_items": [
                              {
                                "internal_type": "FontIconModule",
                                "icon_icon": "fiber_manual_record",
                                "icon_size": 16.0,
                                "internal_toggles": {
                                  "paint_color": 100
                                },
                                "internal_globals": {
                                  "paint_color": "c1"
                                }
                              },
                              {
                                "internal_type": "TextModule",
                                "text_expression": "Mail",
                                "text_family": "kfile://org.kustom.provider/fonts/JetBrains Mono.ttf",
                                "text_size_type": "FIXED_WIDTH",
                                "text_width": 100.0,
                                "text_size": 16.0,
                                "internal_toggles": {
                                  "paint_color": 100
                                },
                                "internal_globals": {
                                  "paint_color": "c2"
                                }
                              }
                            ]
                          }
                        ]
                      },
                      {
                        "internal_type": "StackLayerModule",
                        "config_stacking": "HORIZONTAL_CENTER",
                        "viewgroup_items": [
                          {
                            "internal_type": "StackLayerModule",
                            "config_stacking": "HORIZONTAL_CENTER",
                            "position_padding_right": 2.0,
                            "config_margin": 3.0,
                            "internal_events": [
                              {
                                "type": "SINGLE_TAP",
                                "action": "LAUNCH_APP",
                                "intent": "intent:#Intent;action=android.intent.action.MAIN;category=android.intent.category.LAUNCHER;component=com.whatsapp/.Main;S.org.kustom.intent.label=WhatsApp;end"
                              }
                            ],
                            "viewgroup_items": [
                              {
                                "internal_type": "FontIconModule",
                                "icon_icon": "fiber_manual_record",
                                "icon_size": 16.0,
                                "internal_toggles": {
                                  "paint_color": 100
                                },
                                "internal_globals": {
                                  "paint_color": "c1"
                                }
                              },
                              {
                                "internal_type": "TextModule",
                                "text_expression": "WhatsApp",
                                "text_family": "kfile://org.kustom.provider/fonts/JetBrains Mono.ttf",
                                "text_size_type": "FIXED_WIDTH",
                                "text_width": 100.0,
                                "text_size": 16.0,
                                "internal_toggles": {
                                  "paint_color": 100
                                },
                                "internal_globals": {
                                  "paint_color": "c2"
                                }
                              }
                            ]
                          },
                          {
                            "internal_type": "StackLayerModule",
                            "config_stacking": "HORIZONTAL_CENTER",
                            "position_padding_right": 2.0,
                            "config_margin": 3.0,
                            "internal_events": [
                              {
                                "type": "SINGLE_TAP",
                                "action": "LAUNCH_APP",
                                "intent": "intent:#Intent;action=android.intent.action.MAIN;category=android.intent.category.LAUNCHER;component=org.thunderdog.challegram/.MainActivity;S.org.kustom.intent.label=Telegram%20X;end"
                              }
                            ],
                            "viewgroup_items": [
                              {
                                "internal_type": "FontIconModule",
                                "icon_icon": "fiber_manual_record",
                                "icon_size": 16.0,
                                "internal_toggles": {
                                  "paint_color": 100
                                },
                                "internal_globals": {
                                  "paint_color": "c1"
                                }
                              },
                              {
                                "internal_type": "TextModule",
                                "text_expression": "Telegram",
                                "text_family": "kfile://org.kustom.provider/fonts/JetBrains Mono.ttf",
                                "text_size_type": "FIXED_WIDTH",
                                "text_width": 100.0,
                                "text_size": 16.0,
                                "internal_toggles": {
                                  "paint_color": 100
                                },
                                "internal_globals": {
                                  "paint_color": "c2"
                                }
                              }
                            ]
                          }
                        ]
                      }
                    ]
                  }
                ]
              }
            ]
          }
        ]
      }
    ]
  }
}