{
  "preset_info": {
    "archive": "",
    "author": "Yeswanth S",
    "description": "",
    "email": "yeswanthshanmugam@gmail.com",
    "features": "WEATHER FORECAST",
    "pflags": 0,
    "hash": null,
    "height": 1458,
    "id": "55c0528a-0aa4-4f3b-8c06-8bef20260b01",
    "locked": false,
    "release": 378512316,
    "ts": 1747415341310,
    "title": "Welcome v2",
    "version": 13,
    "width": 1038,
    "xscreens": 0,
    "yscreens": 0
  },
  "preset_root": {
    "internal_type": "RootLayerModule",
    "globals_list": {
      "primary": {
        "index": 1,
        "type": "COLOR",
        "title": "Primary",
        "value": "#FFFFFFFF"
      },
      "color 2": {
        "index": 2,
        "type": "COLOR",
        "title": "color 2",
        "value": "#FF000000"
      },
      "img": {
        "index": 3,
        "type": "BITMAP",
        "title": "img",
        "value": "kfile://org.kustom.provider/bitmaps/IMG6c205f4324a66189c8f9b1485e68fab"
      },
      "color 3": {
        "index": 4,
        "type": "COLOR",
        "title": "color 3",
        "value": "#FFA9A9A9"
      },
      "img 2": {
        "index": 5,
        "type": "BITMAP",
        "title": "img 2",
        "value": "kfile://org.kustom.provider/bitmaps/IMG9db02e09d69bd17984ffd0065f1c7eed"
      }
    },
    "background_color": "#00FFFFFF",
    "internal_events": [
      {
        "type": "SINGLE_TAP",
        "action": "KUSTOM_ACTION"
      }
    ],
    "viewgroup_items": [
      {
        "internal_type": "OverlapLayerModule",
        "viewgroup_items": [
          {
            "internal_type": "OverlapLayerModule",
            "viewgroup_items": [
              {
                "internal_type": "ShapeModule",
                "internal_toggles": {
                  "paint_color": 100
                },
                "internal_globals": {
                  "paint_color": "primary"
                },
                "shape_type": "RECT",
                "shape_width": 517.0,
                "shape_corners": 31,
                "paint_color": "#FF000000",
                "position_padding_left": 275.0,
                "position_padding_right": 275.0,
                "shape_height": 249.0,
                "fx_shadow": "OUTER",
                "fx_shadow_blur": 40.0,
                "fx_shadow_direction": 0,
                "fx_shadow_distance": 0,
                "fx_shadow_color": "#28424242"
              },
              {
                "internal_type": "ShapeModule",
                "shape_type": "RECT",
                "shape_width": 150.0,
                "shape_height": 190.0,
                "shape_corners": 25.0,
                "fx_gradient_bitmap": "kfile://org.kustom.provider/bitmaps/IMG9db02e09d69bd17984ffd0065f1c7eed",
                "fx_shadow_blur": 40.0,
                "fx_shadow_direction": 0,
                "fx_shadow_distance": 0,
                "fx_shadow_color": "#28424242",
                "position_padding_right": 350.0,
                "internal_toggles": {
                  "paint_color": 100
                },
                "internal_globals": {
                  "paint_color": "color 2"
                },
                "fx_shadow": "OUTER"
              },
              {
                "internal_type": "ShapeModule",
                "internal_toggles": {
                  "paint_color": 100,
                  "fx_gradient_bitmap": 100
                },
                "internal_globals": {
                  "paint_color": "color 2",
                  "fx_gradient_bitmap": "img 2"
                },
                "shape_type": "RECT",
                "shape_width": 140.0,
                "shape_height": 180.0,
                "shape_corners": 25.0,
                "fx_gradient": "BITMAP",
                "fx_gradient_bitmap": "kfile://org.kustom.provider/bitmaps/IMG9db02e09d69bd17984ffd0065f1c7eed",
                "fx_shadow_blur": 40.0,
                "fx_shadow_direction": 0,
                "fx_shadow_distance": 0,
                "fx_shadow_color": "#E0424242",
                "position_padding_right": 350.0
              }
            ]
          },
          {
            "internal_type": "OverlapLayerModule",
            "viewgroup_items": [
              {
                "internal_type": "StackLayerModule",
                "config_margin": 7.0,
                "position_padding_left": 175.0,
                "config_scale_value": 130.0,
                "position_padding_right": 25.0,
                "viewgroup_items": [
                  {
                    "internal_type": "CurvedTextModule",
                    "text_expression": "Have a nice day !",
                    "text_family": "kfile://org.kustom.provider/fonts/Cheeky Rabbit.ttf",
                    "text_size": 27.0,
                    "fx_shadow_blur": 40.0,
                    "fx_shadow_direction": 0,
                    "fx_shadow_distance": 0,
                    "fx_shadow_color": "#28424242",
                    "internal_toggles": {
                      "paint_color": 100
                    },
                    "internal_globals": {
                      "paint_color": "color 2"
                    },
                    "paint_color": "#FFFCFEFF"
                  },
                  {
                    "internal_type": "TextModule",
                    "internal_toggles": {
                      "paint_color": 100
                    },
                    "internal_globals": {
                      "paint_color": "color 2"
                    },
                    "text_expression": "$df(d)$$tc(ord, df(d))$ $df(MMM)$ - $df(EEE, a1d)$",
                    "text_family": "kfile://org.kustom.provider/fonts/advent-Bd3.otf",
                    "text_size": 24.0
                  },
                  {
                    "internal_type": "TextModule",
                    "internal_toggles": {
                      "paint_color": 100
                    },
                    "internal_globals": {
                      "paint_color": "color 2"
                    },
                    "text_family": "kfile://org.kustom.provider/fonts/advent-Bd3.otf"
                  }
                ]
              },
              {
                "internal_type": "OverlapLayerModule",
                "viewgroup_items": [
                  {
                    "internal_type": "ShapeModule",
                    "shape_type": "RECT",
                    "shape_width": 140.0,
                    "shape_height": 60.0,
                    "shape_corners": 143,
                    "fx_shadow": "OUTER",
                    "fx_shadow_blur": 40.0,
                    "fx_shadow_direction": 0,
                    "fx_shadow_distance": 0,
                    "fx_shadow_color": "#28424242",
                    "position_padding_left": 350.0,
                    "position_padding_top": 250.0,
                    "internal_toggles": {
                      "paint_color": 100
                    },
                    "internal_globals": {
                      "paint_color": "primary"
                    }
                  },
                  {
                    "internal_type": "TextModule",
                    "text_expression": "$wi(temp)$°$wi(tempu)$",
                    "text_family": "kfile://org.kustom.provider/fonts/SphereSans.otf",
                    "position_padding_left": 295.0,
                    "position_padding_top": 250.0,
                    "internal_toggles": {
                      "paint_color": 100
                    },
                    "internal_globals": {
                      "paint_color": "color 2"
                    },
                    "fx_shadow_blur": 1,
                    "fx_shadow_direction": 0,
                    "fx_shadow_distance": 0
                  },
                  {
                    "internal_type": "KomponentModule",
                    "internal_title": "GoogleNowWeather",
                    "globals_list": {
                      "icon": {
                        "index": 1,
                        "type": "LIST",
                        "title": "Icon",
                        "entries": "\"$wi(icon)$\"##Current,\"$wf(icon, 0)$\"##Today Forecast,\"$wf(icon, 1)$\"##Tomorrow Forecast,\"$wf(icon, 2)$\"##2 Days Forecast,\"$wf(icon, 3)$\"##3 Days Forecast,\"$wf(icon, 4)$\"##4 Days Forecast,\"$wf(icon, 5)$\"##5 Days Forecast,\"$wf(icon, 6)$\"##6 Days Forecast,\"$wf(icon, 7)$\"##7 Days Forecast,\"$wf(icon, 8)$\"##8 Days Forecast,\"$wf(icon, 9)$\"##9 Days Forecast",
                        "value": "$wf(icon, 0)$"
                      },
                      "nightico": {
                        "index": 2,
                        "type": "SWITCH",
                        "title": "NightIco",
                        "value": 1
                      },
                      "opacity": {
                        "index": 3,
                        "type": "NUMBER",
                        "title": "Opacity",
                        "min": 0,
                        "max": 100,
                        "value": 100
                      },
                      "size": {
                        "index": 4,
                        "type": "NUMBER",
                        "title": "Size",
                        "min": 10,
                        "max": 720,
                        "value": 50.0
                      },
                      "rotate": {
                        "index": 5,
                        "type": "NUMBER",
                        "title": "Rotate",
                        "min": 0,
                        "max": 359
                      },
                      "clear-day": {
                        "index": 10,
                        "type": "BITMAP",
                        "title": "clear-day",
                        "toggles": 1,
                        "value": "kfile://org.kustom.provider/bitmaps/clear-day.svg"
                      },
                      "clear-night": {
                        "index": 10,
                        "type": "BITMAP",
                        "title": "clear-night",
                        "toggles": 1,
                        "value": "kfile://org.kustom.provider/bitmaps/clear-night.svg"
                      },
                      "fog-day": {
                        "index": 10,
                        "type": "BITMAP",
                        "title": "fog-day",
                        "toggles": 1,
                        "value": "kfile://org.kustom.provider/bitmaps/fog-day.svg"
                      },
                      "fog-night": {
                        "index": 10,
                        "type": "BITMAP",
                        "title": "fog-night",
                        "toggles": 1,
                        "value": "kfile://org.kustom.provider/bitmaps/fog-night.svg"
                      },
                      "hail-day": {
                        "index": 10,
                        "type": "BITMAP",
                        "title": "hail-day",
                        "toggles": 1,
                        "value": "kfile://org.kustom.provider/bitmaps/hail-day.svg"
                      },
                      "hail-night": {
                        "index": 10,
                        "type": "BITMAP",
                        "title": "hail-night",
                        "toggles": 1,
                        "value": "kfile://org.kustom.provider/bitmaps/hail-night.svg"
                      },
                      "lsnow-day": {
                        "index": 10,
                        "type": "BITMAP",
                        "title": "lsnow-day",
                        "toggles": 1,
                        "value": "kfile://org.kustom.provider/bitmaps/lsnow-day.svg"
                      },
                      "lsnow-night": {
                        "index": 10,
                        "type": "BITMAP",
                        "title": "lsnow-night",
                        "toggles": 1,
                        "value": "kfile://org.kustom.provider/bitmaps/lsnow-night.svg"
                      },
                      "mcloudy": {
                        "index": 11,
                        "type": "BITMAP",
                        "title": "mcloudy",
                        "toggles": 1,
                        "value": "kfile://org.kustom.provider/bitmaps/mcloudy.svg"
                      },
                      "pcloudy-day": {
                        "index": 12,
                        "type": "BITMAP",
                        "title": "pcloudy-day",
                        "toggles": 1,
                        "value": "kfile://org.kustom.provider/bitmaps/pcloudy-day.svg"
                      },
                      "pcloudy-night": {
                        "index": 13,
                        "type": "BITMAP",
                        "title": "pcloudy-night",
                        "toggles": 1,
                        "value": "kfile://org.kustom.provider/bitmaps/pcloudy-night.svg"
                      },
                      "rain": {
                        "index": 14,
                        "type": "BITMAP",
                        "title": "rain",
                        "toggles": 1,
                        "value": "kfile://org.kustom.provider/bitmaps/rain.svg"
                      },
                      "showers-day": {
                        "index": 15,
                        "type": "BITMAP",
                        "title": "showers-day",
                        "toggles": 1,
                        "value": "kfile://org.kustom.provider/bitmaps/showers-day.svg"
                      },
                      "showers-night": {
                        "index": 16,
                        "type": "BITMAP",
                        "title": "showers-night",
                        "toggles": 1,
                        "value": "kfile://org.kustom.provider/bitmaps/showers-night.svg"
                      },
                      "sleet-day": {
                        "index": 17,
                        "type": "BITMAP",
                        "title": "sleet-day",
                        "toggles": 1,
                        "value": "kfile://org.kustom.provider/bitmaps/sleet-day.svg"
                      },
                      "sleet-night": {
                        "index": 18,
                        "type": "BITMAP",
                        "title": "sleet-night",
                        "toggles": 1,
                        "value": "kfile://org.kustom.provider/bitmaps/sleet-night.svg"
                      },
                      "snow-day": {
                        "index": 19,
                        "type": "BITMAP",
                        "title": "snow-day",
                        "toggles": 1,
                        "value": "kfile://org.kustom.provider/bitmaps/snow-day.svg"
                      },
                      "snow-night": {
                        "index": 20,
                        "type": "BITMAP",
                        "title": "snow-night",
                        "toggles": 1,
                        "value": "kfile://org.kustom.provider/bitmaps/snow-night.svg"
                      },
                      "tornado": {
                        "index": 21,
                        "type": "BITMAP",
                        "title": "tornado",
                        "toggles": 1,
                        "value": "kfile://org.kustom.provider/bitmaps/tornado.svg"
                      },
                      "tshower-day": {
                        "index": 22,
                        "type": "BITMAP",
                        "title": "tshower-day",
                        "toggles": 1,
                        "value": "kfile://org.kustom.provider/bitmaps/tshower-day.svg"
                      },
                      "tshower-night": {
                        "index": 23,
                        "type": "BITMAP",
                        "title": "tshower-night",
                        "toggles": 1,
                        "value": "kfile://org.kustom.provider/bitmaps/tshower-night.svg"
                      },
                      "tstorm": {
                        "index": 24,
                        "type": "BITMAP",
                        "title": "tstorm",
                        "toggles": 1,
                        "value": "kfile://org.kustom.provider/bitmaps/tstorm.svg"
                      },
                      "unknown": {
                        "index": 25,
                        "type": "BITMAP",
                        "title": "unknown",
                        "toggles": 1,
                        "value": "kfile://org.kustom.provider/bitmaps/unknown.svg"
                      },
                      "windy-day": {
                        "index": 26,
                        "type": "BITMAP",
                        "title": "windy-day",
                        "toggles": 1,
                        "value": "kfile://org.kustom.provider/bitmaps/windy-day.svg"
                      },
                      "windy-night": {
                        "index": 27,
                        "type": "BITMAP",
                        "title": "windy-night",
                        "toggles": 1,
                        "value": "kfile://org.kustom.provider/bitmaps/windy-night.svg"
                      }
                    },
                    "internal_locked": "true",
                    "position_padding_left": 400.0,
                    "position_padding_top": 250.0,
                    "viewgroup_items": [
                      {
                        "internal_type": "BitmapModule",
                        "internal_toggles": {
                          "bitmap_svg": 10,
                          "bitmap_width": 100,
                          "bitmap_rotate": 100,
                          "bitmap_alpha": 100
                        },
                        "internal_globals": {
                          "bitmap_width": "size",
                          "bitmap_rotate": "rotate",
                          "bitmap_alpha": "opacity"
                        },
                        "internal_formulas": {
                          "bitmap_svg": "$if(gv(icon)=tshower, if(ai(isday), gv(tshower-day), gv(tshower-night)), gv(icon)=shower, if(ai(isday), gv(showers-day), gv(showers-night)), gv(icon)=sleet, if(ai(isday), gv(sleet-day), gv(sleet-night)), gv(icon)=lsnow, if(ai(isday), gv(lsnow-day), gv(lsnow-night)), gv(icon)=snow, if(ai(isday), gv(snow-day), gv(snow-night)), gv(icon)=hail, if(ai(isday), gv(hail-day), gv(hail-night)), gv(icon)=fog, if(ai(isday), gv(fog-day), gv(fog-night)), gv(icon)=windy, if(ai(isday), gv(windy-day), gv(windy-night)), gv(icon)=pcloudy, if(ai(isday), gv(pcloudy-day), gv(pcloudy-night)), gv(icon)=clear, if(ai(isday), gv(clear-day), gv(clear-night)), gv(gv(icon)))$"
                        },
                        "bitmap_mode": "VECTOR"
                      }
                    ]
                  }
                ]
              }
            ]
          }
        ]
      }
    ]
  }
}