{
  "preset_info": {
    "archive": "",
    "author": "Yeswanth S",
    "description": "",
    "email": "yeswanthshanmugam@gmail.com",
    "features": "WEATHER FORECAST MUSIC",
    "pflags": 0,
    "hash": null,
    "height": 1661,
    "id": "66c16bbc-7359-4c4c-8bb2-0aa48debc963",
    "locked": false,
    "release": 378512316,
    "ts": 1748814827912,
    "title": "Onepiece w1",
    "version": 13,
    "width": 764,
    "xscreens": 0,
    "yscreens": 0
  },
  "preset_root": {
    "internal_type": "RootLayerModule",
    "background_color": "#00FFFFFF",
    "globals_list": {
      "text": {
        "index": 1,
        "type": "COLOR",
        "title": "Text",
        "value": "#FFFFFFFF"
      },
      "grad1": {
        "index": 2,
        "type": "COLOR",
        "title": "Grad1",
        "value": "#FF3284FD"
      },
      "grad 2": {
        "index": 3,
        "type": "COLOR",
        "title": "Grad 2",
        "value": "#FF9AD7FA"
      }
    },
    "internal_events": [
      {
        "type": "SINGLE_TAP",
        "action": "KUSTOM_ACTION"
      }
    ],
    "config_scale_value": 97.8183,
    "viewgroup_items": [
      {
        "internal_type": "OverlapLayerModule",
        "config_scale_value": 95.0,
        "position_anchor": "TOP",
        "position_offset_y": 44.0,
        "viewgroup_items": [
          {
            "internal_type": "ShapeModule",
            "shape_type": "RECT",
            "shape_width": 500.0,
            "shape_height": 325.0,
            "shape_corners": 30.0,
            "fx_shadow": "OUTER",
            "fx_shadow_direction": 0,
            "fx_shadow_distance": 0.0,
            "paint_color": "#FF000000"
          },
          {
            "internal_type": "BitmapModule",
            "bitmap_bitmap": "kfile://org.kustom.provider/bitmaps/IMG2b6e7aef623d6b1a0a5f580b034556de",
            "bitmap_width": 476.0
          }
        ]
      },
      {
        "internal_type": "OverlapLayerModule",
        "config_scale_value": 40.0,
        "position_offset_x": -175.0,
        "position_offset_y": -118.0,
        "internal_events": [
          {
            "type": "SINGLE_TAP",
            "action": "LAUNCH_APP",
            "intent": "intent:#Intent;action=android.intent.action.MAIN;category=android.intent.category.LAUNCHER;component=com.android.settings/.Settings;S.org.kustom.intent.label=Settings;end"
          }
        ],
        "viewgroup_items": [
          {
            "internal_type": "ShapeModule",
            "shape_type": "RECT",
            "shape_width": 330.0,
            "shape_height": 190.0,
            "shape_corners": 360,
            "fx_gradient_bitmap": "kfile://org.kustom.provider/bitmaps/IMG560c95566b9e6f8f38adbecc1c9ad491",
            "fx_shadow_direction": 0,
            "fx_shadow_distance": 0.0,
            "fx_shadow": "OUTER",
            "paint_color": "#FF000000"
          },
          {
            "internal_type": "ShapeModule",
            "shape_type": "RECT",
            "shape_width": 320.0,
            "shape_height": 180.0,
            "shape_corners": 360,
            "fx_gradient": "BITMAP",
            "fx_gradient_bitmap": "kfile://org.kustom.provider/bitmaps/IMG4d564038403b1bc78b96c57d70ef3fc0",
            "fx_shadow_blur": 43.0,
            "fx_shadow_direction": 0,
            "fx_shadow_distance": 0.0
          }
        ]
      },
      {
        "internal_type": "OverlapLayerModule",
        "position_offset_x": -172.0,
        "position_offset_y": 1.0,
        "config_scale_value": 96.0,
        "internal_events": [
          {
            "type": "SINGLE_TAP",
            "action": "LAUNCH_SHORTCUT",
            "intent": "intent:#Intent;action=com.teslacoilsw.launcher.ACTION;launchFlags=0x10000000;component=com.teslacoilsw.launcher/.NovaShortcutHandler;S.LAUNCHER_ACTION=APP_DRAWER;S.org.kustom.intent.label=Nova%20action;end"
          }
        ],
        "viewgroup_items": [
          {
            "internal_type": "OverlapLayerModule",
            "config_scale_value": 110.0,
            "viewgroup_items": [
              {
                "internal_type": "ShapeModule",
                "shape_width": 120.0,
                "shape_corners": 26,
                "paint_color": "#FF000000",
                "fx_shadow": "OUTER",
                "fx_shadow_direction": 0,
                "fx_shadow_distance": 0
              },
              {
                "internal_type": "BitmapModule",
                "bitmap_bitmap": "kfile://org.kustom.provider/bitmaps/IMGfeb3213c185ec7bf8cc3464f2558c07d",
                "bitmap_rotate": 5
              }
            ]
          }
        ]
      },
      {
        "internal_type": "OverlapLayerModule",
        "position_offset_x": 70.0,
        "position_offset_y": -46.0,
        "config_scale_value": 95.0,
        "viewgroup_items": [
          {
            "internal_type": "ShapeModule",
            "shape_type": "RECT",
            "shape_width": 340.0,
            "shape_height": 230.0,
            "shape_corners": 30.0,
            "fx_shadow": "OUTER",
            "fx_shadow_direction": 0,
            "fx_shadow_distance": 0,
            "paint_color": "#FF000000",
            "internal_toggles": {
              "fx_gradient_bitmap": 0
            },
            "internal_formulas": {
              "fx_gradient_bitmap": "$mi(cover)$"
            }
          },
          {
            "internal_type": "OverlapLayerModule",
            "position_padding_bottom": 115.0,
            "config_scale_value": 95.0,
            "viewgroup_items": [
              {
                "internal_type": "OverlapLayerModule",
                "position_padding_top": 25.0,
                "viewgroup_items": [
                  {
                    "internal_type": "CurvedTextModule",
                    "text_family": "kfile://org.kustom.provider/fonts/Odin Rounded - Bold.otf",
                    "text_size": 50.0,
                    "position_offset_x": 65.0,
                    "internal_toggles": {
                      "paint_color": 100
                    },
                    "internal_globals": {
                      "paint_color": "text"
                    }
                  },
                  {
                    "internal_type": "TextModule",
                    "text_expression": "$wi(cond)$ , $wf(temp, 0, 0)$°$wi(tempu)$",
                    "text_family": "kfile://org.kustom.provider/fonts/Odin Rounded - Regular.otf",
                    "position_padding_top": 225.0,
                    "text_filter": [
                      "UP"
                    ],
                    "internal_toggles": {
                      "paint_color": 100
                    },
                    "internal_globals": {
                      "paint_color": "text"
                    }
                  },
                  {
                    "internal_type": "OverlapLayerModule",
                    "position_padding_bottom": 5.0,
                    "viewgroup_items": [
                      {
                        "internal_type": "StackLayerModule",
                        "position_padding_top": 25.0,
                        "position_padding_right": 25.0,
                        "viewgroup_items": [
                          {
                            "internal_type": "StackLayerModule",
                            "config_stacking": "HORIZONTAL_CENTER",
                            "config_margin": 20.0,
                            "position_padding_top": 100.0,
                            "position_padding_left": 25.0,
                            "viewgroup_items": [
                              {
                                "internal_type": "TextModule",
                                "text_expression": "$df(d, r2d)$",
                                "text_size": 25.0,
                                "internal_toggles": {
                                  "paint_color": 100
                                },
                                "internal_globals": {
                                  "paint_color": "text"
                                }
                              },
                              {
                                "internal_type": "TextModule",
                                "text_expression": "$df(d, r1d)$",
                                "text_size": 25.0,
                                "internal_toggles": {
                                  "paint_color": 100
                                },
                                "internal_globals": {
                                  "paint_color": "text"
                                }
                              },
                              {
                                "internal_type": "OverlapLayerModule",
                                "viewgroup_items": [
                                  {
                                    "internal_type": "ShapeModule",
                                    "shape_type": "CIRCLE",
                                    "shape_width": 40.0,
                                    "paint_color": "#FF3284FD",
                                    "paint_stroke": 3.0,
                                    "fx_gradient": "VERTICAL",
                                    "fx_gradient_color": "#FF9AD7FA",
                                    "fx_shadow_blur": 8.0,
                                    "fx_shadow_direction": 1.0,
                                    "fx_shadow_distance": 1.0,
                                    "internal_toggles": {
                                      "paint_color": 100,
                                      "fx_gradient_color": 100
                                    },
                                    "internal_globals": {
                                      "paint_color": "grad1",
                                      "fx_gradient_color": "grad 2"
                                    }
                                  },
                                  {
                                    "internal_type": "TextModule",
                                    "text_expression": "$df(d, rd)$",
                                    "paint_color": "#FF000000",
                                    "internal_toggles": {
                                      "paint_color": 100
                                    },
                                    "internal_globals": {
                                      "paint_color": "text"
                                    },
                                    "text_align": "CENTER"
                                  }
                                ]
                              },
                              {
                                "internal_type": "TextModule",
                                "text_expression": "$df(d, a1d)$",
                                "text_size": 25.0,
                                "internal_toggles": {
                                  "paint_color": 100
                                },
                                "internal_globals": {
                                  "paint_color": "text"
                                }
                              },
                              {
                                "internal_type": "TextModule",
                                "text_expression": "$df(d, a2d)$",
                                "text_size": 25.0,
                                "internal_toggles": {
                                  "paint_color": 100
                                },
                                "internal_globals": {
                                  "paint_color": "text"
                                }
                              }
                            ]
                          }
                        ]
                      }
                    ]
                  }
                ]
              }
            ]
          }
        ]
      },
      {
        "internal_type": "OverlapLayerModule",
        "position_offset_y": 150.0,
        "internal_events": [
          {
            "type": "SINGLE_TAP",
            "action": "LAUNCH_SHORTCUT",
            "intent": "intent:#Intent;action=com.teslacoilsw.launcher.ACTION;launchFlags=0x10000000;component=com.teslacoilsw.launcher/.NovaShortcutHandler;S.LAUNCHER_ACTION=TEXT_SEARCH;S.org.kustom.intent.label=Nova%20action;end"
          }
        ],
        "viewgroup_items": [
          {
            "internal_type": "ShapeModule",
            "shape_type": "RECT",
            "shape_width": 480.0,
            "shape_height": 60.0,
            "shape_corners": 360,
            "paint_color": "#FF000000",
            "fx_shadow": "OUTER",
            "fx_shadow_direction": 0,
            "fx_shadow_distance": 0,
            "fx_gradient": "BITMAP",
            "fx_gradient_bitmap": "kfile://org.kustom.provider/bitmaps/IMG66ca5b3cee3a49c3ba8d44210870c5a9",
            "fx_bitmap_dim": 30.0
          },
          {
            "internal_type": "CurvedTextModule",
            "internal_toggles": {
              "paint_color": 100
            },
            "internal_globals": {
              "paint_color": "text"
            },
            "position_padding_right": 200.0,
            "text_expression": "Search here",
            "text_size": 15.0,
            "text_spacing": 10.0,
            "text_filter": [
              "UP"
            ],
            "text_family": "kfile://org.kustom.provider/fonts/خط Rana V1 @ALADWAT.ttf",
            "position_padding_left": 25.0
          },
          {
            "internal_type": "FontIconModule",
            "icon_set": "kfile://org.kustom.provider/icons/fontawesome.ttf",
            "icon_icon": "search",
            "icon_size": 20.0,
            "position_padding_left": 375.0,
            "internal_toggles": {
              "paint_color": 100
            },
            "internal_globals": {
              "paint_color": "text"
            }
          }
        ]
      },
      {
        "internal_type": "OverlapLayerModule",
        "position_offset_y": 384.0,
        "viewgroup_items": [
          {
            "internal_type": "OverlapLayerModule",
            "viewgroup_items": [
              {
                "internal_type": "ShapeModule",
                "shape_type": "RECT",
                "shape_width": 480.0,
                "shape_height": 300.0,
                "shape_corners": 29.0,
                "paint_color": "#FF000000",
                "fx_shadow": "OUTER",
                "fx_shadow_direction": 0,
                "fx_shadow_distance": 0
              },
              {
                "internal_type": "TextModule",
                "internal_title": "Quote",
                "text_expression": "[b]“No matter how hard or impossible it is, never lose sight of your goal.” – Monkey D Luffy[/b]",
                "text_family": "kfile://org.kustom.provider/fonts/PoiretOne-Regular.ttf",
                "text_size_type": "FIXED_WIDTH",
                "text_width": 420.0,
                "text_lines": 3.0,
                "text_size": 21.0,
                "text_align": "CENTER",
                "position_padding_bottom": 176.0,
                "internal_toggles": {
                  "paint_color": 100
                },
                "internal_globals": {
                  "paint_color": "text"
                }
              }
            ]
          },
          {
            "internal_type": "OverlapLayerModule",
            "position_padding_bottom": 5.0,
            "viewgroup_items": [
              {
                "internal_type": "OverlapLayerModule",
                "config_scale_value": 90.0,
                "position_padding_top": 50.0,
                "viewgroup_items": [
                  {
                    "internal_type": "ShapeModule",
                    "shape_type": "RECT",
                    "shape_width": 420.0,
                    "shape_height": 68.0,
                    "position_padding_top": 175.0,
                    "paint_style": "STROKE",
                    "paint_stroke": 2.0,
                    "fx_shadow": "OUTER",
                    "fx_shadow_direction": 2.0,
                    "fx_shadow_distance": 2.0,
                    "fx_shadow_color": "#FF242738",
                    "shape_corners": 25.0,
                    "fx_shadow_blur": 31.0
                  },
                  {
                    "internal_type": "FontIconModule",
                    "icon_set": "kfile://org.kustom.provider/icons/material.ttf",
                    "icon_icon": "music_note",
                    "icon_size": 40.0,
                    "position_padding_right": 328.0,
                    "position_padding_top": 175.0
                  },
                  {
                    "internal_type": "OverlapLayerModule",
                    "position_padding_left": 275.0,
                    "position_padding_top": 175.0,
                    "viewgroup_items": [
                      {
                        "internal_type": "OverlapLayerModule",
                        "internal_events": [
                          {
                            "type": "SINGLE_TAP",
                            "action": "MUSIC"
                          }
                        ],
                        "viewgroup_items": [
                          {
                            "internal_type": "BitmapModule",
                            "bitmap_bitmap": "kfile://org.kustom.provider/bitmaps/IMG78b97ba3dc5e75204e829c8e8e0c85a",
                            "internal_events": [
                              {
                                "type": "SINGLE_TAP",
                                "action": "MUSIC"
                              }
                            ],
                            "bitmap_width": 60.0,
                            "position_padding_left": 5.0
                          }
                        ]
                      }
                    ]
                  }
                ]
              },
              {
                "internal_type": "OverlapLayerModule",
                "position_padding_left": 75.0,
                "position_padding_right": 25.0,
                "config_scale_value": 90.0,
                "position_padding_top": 50.0,
                "viewgroup_items": [
                  {
                    "internal_type": "OverlapLayerModule",
                    "position_padding_left": 200.0,
                    "position_padding_right": 275.0,
                    "config_scale_value": 95.0,
                    "position_padding_top": 13.0,
                    "viewgroup_items": [
                      {
                        "internal_type": "TextModule",
                        "text_expression": "$mi(title)$",
                        "text_size_type": "FIXED_WIDTH",
                        "text_lines": 1.0,
                        "text_align": "CENTER",
                        "position_padding_top": 150.0,
                        "text_family": "kfile://org.kustom.provider/fonts/Odin Rounded - Bold.otf",
                        "text_filter": [
                          "UP"
                        ],
                        "text_width": 220.0,
                        "text_size": 18.0
                      },
                      {
                        "internal_type": "TextModule",
                        "text_expression": "$mi(artist)$",
                        "text_size_type": "FIXED_WIDTH",
                        "text_lines": 1.0,
                        "text_align": "CENTER",
                        "position_padding_top": 200.0,
                        "text_family": "kfile://org.kustom.provider/fonts/Odin Rounded - Bold.otf",
                        "text_filter": [
                          "UP"
                        ],
                        "text_width": 220.0,
                        "text_size": 18.0
                      }
                    ]
                  }
                ]
              }
            ]
          },
          {
            "internal_type": "OverlapLayerModule",
            "viewgroup_items": [
              {
                "internal_type": "BitmapModule",
                "bitmap_bitmap": "kfile://org.kustom.provider/bitmaps/IMGb8b11ba5c430dec282708a55057be78",
                "position_padding_right": 375.0,
                "position_padding_left": 25.0,
                "position_padding_bottom": 10.0
              },
              {
                "internal_type": "OverlapLayerModule",
                "viewgroup_items": [
                  {
                    "internal_type": "ShapeModule",
                    "shape_type": "RECT",
                    "shape_width": 340.0,
                    "shape_height": 15.0,
                    "shape_corners": 360,
                    "position_padding_left": 75.0,
                    "position_padding_right": 25.0,
                    "position_padding_top": 25.0,
                    "position_padding_bottom": 5.0
                  },
                  {
                    "internal_type": "ProgressModule",
                    "progress_progress": "MUSIC",
                    "color_color": "GRADIENT",
                    "color_fgcolor": "#FFFFD01F",
                    "color_bgcolor": "#FFFFFFFF",
                    "color_tcolor": "#FFFF0000",
                    "color_mode": "MULTIPLY",
                    "style_size": 340.0,
                    "style_height": 30.0,
                    "position_padding_left": 50.0,
                    "color_mcolor": "$gv(grad1)$,$gv(grad 2)$,$gv(grad 2)$,$gv(grad1)$",
                    "position_padding_top": 25.0,
                    "internal_toggles": {
                      "color_bgcolor": 100,
                      "color_fgcolor": 100,
                      "color_tcolor": 100
                    },
                    "internal_globals": {
                      "color_bgcolor": "text",
                      "color_fgcolor": "grad 2",
                      "color_tcolor": "grad1"
                    }
                  }
                ]
              }
            ]
          }
        ]
      }
    ]
  }
}