{
  "preset_info": {
    "archive": "",
    "author": "Yeswanth S",
    "description": "",
    "email": "yeswanthshanmugam@gmail.com",
    "features": "WEATHER FORECAST MUSIC",
    "pflags": 0,
    "hash": null,
    "height": 1600,
    "id": "4c9ae240-ee42-46a8-b2c5-2c80190173af",
    "locked": false,
    "release": 378512316,
    "ts": 1748271061068,
    "title": "Komi v1",
    "version": 13,
    "width": 751,
    "xscreens": 0,
    "yscreens": 0
  },
  "preset_root": {
    "internal_type": "RootLayerModule",
    "config_scale_value": 86.53846,
    "globals_list": {
      "primary": {
        "index": 1,
        "type": "COLOR",
        "title": "Primary",
        "value": "#FF98C5FF"
      },
      "color 2": {
        "index": 2,
        "type": "COLOR",
        "title": "color 2",
        "value": "#FFFFFFFF"
      },
      "img": {
        "index": 3,
        "type": "BITMAP",
        "title": "img",
        "value": "kfile://org.kustom.provider/bitmaps/IMG6c205f4324a66189c8f9b1485e68fab"
      },
      "color 3": {
        "index": 4,
        "type": "COLOR",
        "title": "color 3",
        "value": "#FF000000"
      },
      "img 2": {
        "index": 5,
        "type": "BITMAP",
        "title": "img 2",
        "value": "kfile://org.kustom.provider/bitmaps/IMG9db02e09d69bd17984ffd0065f1c7eed"
      }
    },
    "background_color": "#00FFFFFF",
    "internal_events": [
      {
        "type": "SINGLE_TAP",
        "action": "KUSTOM_ACTION"
      }
    ],
    "viewgroup_items": [
      {
        "internal_type": "StackLayerModule",
        "config_margin": 50.0,
        "position_anchor": "TOP",
        "position_offset_y": 160.0,
        "config_scale_value": 90.0,
        "viewgroup_items": [
          {
            "internal_type": "OverlapLayerModule",
            "position_anchor": "TOP",
            "internal_title": "Image Component",
            "viewgroup_items": [
              {
                "internal_type": "OverlapLayerModule",
                "viewgroup_items": [
                  {
                    "internal_type": "ShapeModule",
                    "shape_width": 525.0,
                    "shape_height": 340.0,
                    "shape_corners": 26.0,
                    "fx_gradient_bitmap": "kfile://org.kustom.provider/bitmaps/IMGe19330e7efb2249731f2b97e2b73a6d5",
                    "fx_shadow_blur": 40.0,
                    "fx_shadow_direction": 0,
                    "paint_color": "#FF98C5FF",
                    "fx_shadow_distance": 0,
                    "fx_shadow_color": "#43424242",
                    "fx_shadow": "OUTER",
                    "internal_toggles": {
                      "paint_color": 100
                    },
                    "internal_globals": {
                      "paint_color": "primary"
                    },
                    "position_anchor": "TOP",
                    "shape_type": "RECT"
                  },
                  {
                    "internal_type": "ShapeModule",
                    "shape_width": 505.0,
                    "shape_height": 320.0,
                    "shape_corners": 25.0,
                    "fx_gradient_bitmap": "kfile://org.kustom.provider/bitmaps/IMG74cf1f7b99356203096ce2b009a1756d",
                    "fx_gradient": "BITMAP",
                    "fx_shadow_blur": 1,
                    "fx_shadow_direction": 0,
                    "internal_toggles": {
                      "paint_color": 100,
                      "fx_gradient_bitmap": 100
                    },
                    "internal_globals": {
                      "paint_color": "color 2",
                      "fx_gradient_bitmap": "img"
                    },
                    "shape_type": "RECT",
                    "fx_gradient_bitmap_width": 500.0
                  }
                ]
              },
              {
                "internal_type": "OverlapLayerModule",
                "viewgroup_items": [
                  {
                    "internal_type": "CurvedTextModule",
                    "internal_toggles": {
                      "paint_color": 100
                    },
                    "internal_globals": {
                      "paint_color": "primary"
                    },
                    "text_expression": "Komi Shouko",
                    "text_family": "kfile://org.kustom.provider/fonts/Lovebeat.otf",
                    "text_size": 30.0,
                    "text_rotate_mode": "DEG270",
                    "position_padding_left": 300.0
                  },
                  {
                    "internal_type": "ShapeModule",
                    "internal_toggles": {
                      "paint_color": 100
                    },
                    "internal_globals": {
                      "paint_color": "primary"
                    },
                    "shape_type": "RECT",
                    "shape_width": 60.0,
                    "shape_height": 3.0,
                    "shape_rotate_mode": "DEG270",
                    "position_padding_left": 300.0,
                    "position_padding_top": 275.0
                  },
                  {
                    "internal_type": "ShapeModule",
                    "internal_toggles": {
                      "paint_color": 100
                    },
                    "internal_globals": {
                      "paint_color": "primary"
                    },
                    "shape_type": "RECT",
                    "shape_width": 60.0,
                    "shape_height": 3.0,
                    "shape_rotate_mode": "DEG270",
                    "position_padding_left": 315.0,
                    "position_padding_top": 275.0
                  }
                ]
              }
            ]
          },
          {
            "internal_type": "OverlapLayerModule",
            "internal_toggles": {
              "0": 1
            },
            "internal_title": "Search",
            "position_anchor": "TOP",
            "viewgroup_items": [
              {
                "internal_type": "ShapeModule",
                "shape_type": "RECT",
                "shape_width": 515.0,
                "shape_height": 60.0,
                "shape_corners": 360,
                "paint_color": "#FF98C5FF",
                "fx_shadow": "OUTER",
                "fx_shadow_direction": 0,
                "fx_shadow_distance": 0,
                "fx_gradient_bitmap": "kfile://org.kustom.provider/bitmaps/IMG7acc7d17e5e92205c91658b39ce63121",
                "fx_shadow_blur": 40.0,
                "fx_shadow_color": "#28424242",
                "internal_toggles": {
                  "paint_color": 100
                },
                "internal_globals": {
                  "paint_color": "primary"
                },
                "internal_events": [
                  {
                    "type": "SINGLE_TAP",
                    "action": "LAUNCH_SHORTCUT",
                    "intent": "intent:#Intent;action=com.teslacoilsw.launcher.ACTION;launchFlags=0x10000000;component=com.teslacoilsw.launcher/.NovaShortcutHandler;S.LAUNCHER_ACTION=TEXT_SEARCH;S.org.kustom.intent.label=Nova%20action;end"
                  }
                ],
                "position_padding_left": 3.0
              },
              {
                "internal_type": "CurvedTextModule",
                "internal_toggles": {
                  "paint_color": 100
                },
                "internal_globals": {
                  "paint_color": "color 2"
                },
                "position_padding_right": 200.0,
                "text_expression": "Search here",
                "text_size": 10.0,
                "text_spacing": 10.0,
                "text_filter": [
                  "UP"
                ],
                "text_family": "kfile://org.kustom.provider/fonts/DK Hofstad.otf",
                "position_padding_left": 25.0
              },
              {
                "internal_type": "FontIconModule",
                "icon_set": "kfile://org.kustom.provider/icons/fontawesome.ttf",
                "icon_icon": "search",
                "icon_size": 15.0,
                "position_padding_left": 375.0,
                "internal_toggles": {
                  "paint_color": 100
                },
                "internal_globals": {
                  "paint_color": "color 2"
                }
              }
            ]
          }
        ]
      },
      {
        "internal_type": "OverlapLayerModule",
        "position_anchor": "TOP",
        "position_offset_y": -295.0,
        "config_scale_value": 90.0,
        "viewgroup_items": [
          {
            "internal_type": "OverlapLayerModule",
            "position_padding_bottom": 150.0,
            "position_padding_right": 40.0,
            "viewgroup_items": [
              {
                "internal_type": "ShapeModule",
                "internal_toggles": {
                  "paint_color": 100
                },
                "internal_globals": {
                  "paint_color": "primary"
                },
                "shape_type": "RECT",
                "shape_width": 175.0,
                "shape_corners": 31,
                "paint_color": "#FF000000",
                "position_padding_left": 25.0,
                "position_padding_right": 325.0,
                "position_padding_top": 1025.0,
                "fx_shadow": "OUTER",
                "fx_shadow_blur": 40.0,
                "fx_shadow_direction": 0,
                "fx_shadow_distance": 0,
                "fx_shadow_color": "#28424242",
                "shape_height": 175.0
              },
              {
                "internal_type": "OverlapLayerModule",
                "position_padding_right": 300.0,
                "position_padding_top": 475.0,
                "viewgroup_items": [
                  {
                    "internal_type": "StackLayerModule",
                    "config_stacking": "HORIZONTAL_CENTER",
                    "config_margin": 20.0,
                    "position_padding_top": 475.0,
                    "viewgroup_items": [
                      {
                        "internal_type": "OverlapLayerModule",
                        "internal_events": [
                          {
                            "type": "SINGLE_TAP",
                            "action": "LAUNCH_APP",
                            "intent": "intent:#Intent;action=android.intent.action.MAIN;category=android.intent.category.LAUNCHER;component=org.thunderdog.challegram/.MainActivity;S.org.kustom.intent.label=Telegram%20X;end"
                          }
                        ],
                        "viewgroup_items": [
                          {
                            "internal_type": "ShapeModule",
                            "shape_type": "SQUIRCLE",
                            "shape_width": 50.0,
                            "shape_corners": 25,
                            "fx_shadow": "OUTER",
                            "fx_shadow_blur": 40.0,
                            "fx_shadow_direction": 0,
                            "fx_shadow_distance": 0,
                            "fx_shadow_color": "#28424242",
                            "internal_toggles": {
                              "paint_color": 100
                            },
                            "internal_globals": {
                              "paint_color": "color 2"
                            }
                          },
                          {
                            "internal_type": "FontIconModule",
                            "icon_set": "kfile://org.kustom.provider/icons/fontawesome.ttf",
                            "icon_icon": "telegram",
                            "icon_size": 30.0,
                            "icon_rotate_mode": "MANUAL",
                            "paint_color": "#FF98C5FF",
                            "fx_shadow": "OUTER",
                            "fx_shadow_blur": 40.0,
                            "fx_shadow_direction": 0,
                            "fx_shadow_distance": 0,
                            "fx_shadow_color": "#28A7D0FB",
                            "internal_toggles": {
                              "paint_color": 100
                            },
                            "internal_globals": {
                              "paint_color": "primary"
                            }
                          }
                        ]
                      },
                      {
                        "internal_type": "OverlapLayerModule",
                        "internal_events": [
                          {
                            "type": "SINGLE_TAP",
                            "action": "LAUNCH_APP",
                            "intent": "intent:#Intent;action=android.intent.action.MAIN;category=android.intent.category.LAUNCHER;component=org.bromite.bromite/com.google.android.apps.chrome.Main;S.org.kustom.intent.label=Bromite;end"
                          }
                        ],
                        "viewgroup_items": [
                          {
                            "internal_type": "ShapeModule",
                            "shape_type": "SQUIRCLE",
                            "shape_width": 50.0,
                            "shape_corners": 25,
                            "fx_shadow": "OUTER",
                            "fx_shadow_blur": 40.0,
                            "fx_shadow_direction": 0,
                            "fx_shadow_distance": 0,
                            "fx_shadow_color": "#28424242",
                            "internal_toggles": {
                              "paint_color": 100
                            },
                            "internal_globals": {
                              "paint_color": "color 2"
                            }
                          },
                          {
                            "internal_type": "FontIconModule",
                            "icon_set": "kfile://org.kustom.provider/icons/fontawesome.ttf",
                            "icon_icon": "chrome",
                            "icon_size": 30.0,
                            "icon_rotate_mode": "MANUAL",
                            "paint_color": "#FF98C5FF",
                            "fx_shadow": "OUTER",
                            "fx_shadow_blur": 40.0,
                            "fx_shadow_direction": 0,
                            "fx_shadow_distance": 0,
                            "fx_shadow_color": "#28A7D0FB",
                            "internal_toggles": {
                              "paint_color": 100
                            },
                            "internal_globals": {
                              "paint_color": "primary"
                            }
                          }
                        ]
                      }
                    ]
                  },
                  {
                    "internal_type": "StackLayerModule",
                    "config_stacking": "HORIZONTAL_CENTER",
                    "config_margin": 20.0,
                    "position_padding_top": 625.0,
                    "viewgroup_items": [
                      {
                        "internal_type": "OverlapLayerModule",
                        "internal_events": [
                          {
                            "type": "SINGLE_TAP",
                            "action": "LAUNCH_APP",
                            "intent": "intent:#Intent;action=android.intent.action.MAIN;category=android.intent.category.LAUNCHER;component=com.vanced.android.youtube/com.google.android.youtube.app.honeycomb.Shell%24HomeActivity;S.org.kustom.intent.label=YouTube%20Vanced;end"
                          }
                        ],
                        "viewgroup_items": [
                          {
                            "internal_type": "ShapeModule",
                            "shape_type": "SQUIRCLE",
                            "shape_width": 50.0,
                            "shape_corners": 25,
                            "fx_shadow": "OUTER",
                            "fx_shadow_blur": 40.0,
                            "fx_shadow_direction": 0,
                            "fx_shadow_distance": 0,
                            "fx_shadow_color": "#28424242",
                            "internal_toggles": {
                              "paint_color": 100
                            },
                            "internal_globals": {
                              "paint_color": "color 2"
                            }
                          },
                          {
                            "internal_type": "FontIconModule",
                            "icon_set": "kfile://org.kustom.provider/icons/fontawesome.ttf",
                            "icon_icon": "youtube-play",
                            "icon_size": 30.0,
                            "icon_rotate_mode": "MANUAL",
                            "paint_color": "#FF98C5FF",
                            "fx_shadow": "OUTER",
                            "fx_shadow_blur": 40,
                            "fx_shadow_direction": 0,
                            "fx_shadow_distance": 0,
                            "fx_shadow_color": "#28A7D0FB",
                            "internal_toggles": {
                              "paint_color": 100
                            },
                            "internal_globals": {
                              "paint_color": "primary"
                            }
                          }
                        ]
                      },
                      {
                        "internal_type": "OverlapLayerModule",
                        "internal_events": [
                          {
                            "type": "SINGLE_TAP",
                            "action": "LAUNCH_APP",
                            "intent": "intent:#Intent;action=android.intent.action.MAIN;category=android.intent.category.LAUNCHER;component=com.spotify.music/.MainActivity;S.org.kustom.intent.label=Spotify;end"
                          }
                        ],
                        "viewgroup_items": [
                          {
                            "internal_type": "ShapeModule",
                            "shape_type": "SQUIRCLE",
                            "shape_width": 50.0,
                            "shape_corners": 25,
                            "fx_shadow": "OUTER",
                            "fx_shadow_blur": 40.0,
                            "fx_shadow_direction": 0,
                            "fx_shadow_distance": 0,
                            "fx_shadow_color": "#28424242",
                            "internal_toggles": {
                              "paint_color": 100
                            },
                            "internal_globals": {
                              "paint_color": "color 2"
                            }
                          },
                          {
                            "internal_type": "FontIconModule",
                            "icon_set": "kfile://org.kustom.provider/icons/fontawesome.ttf",
                            "icon_icon": "spotify",
                            "icon_size": 30.0,
                            "icon_rotate_mode": "MANUAL",
                            "paint_color": "#FF98C5FF",
                            "fx_shadow": "OUTER",
                            "fx_shadow_blur": 40.0,
                            "fx_shadow_direction": 0,
                            "fx_shadow_distance": 0,
                            "fx_shadow_color": "#28A7D0FB",
                            "internal_toggles": {
                              "paint_color": 100
                            },
                            "internal_globals": {
                              "paint_color": "primary"
                            },
                            "position_padding_left": 4.0
                          }
                        ]
                      }
                    ]
                  }
                ]
              }
            ]
          },
          {
            "internal_type": "OverlapLayerModule",
            "position_padding_bottom": 150.0,
            "position_padding_right": 40.0,
            "position_padding_left": 560.0,
            "viewgroup_items": [
              {
                "internal_type": "ShapeModule",
                "internal_toggles": {
                  "paint_color": 100
                },
                "internal_globals": {
                  "paint_color": "primary"
                },
                "shape_type": "RECT",
                "shape_width": 295.0,
                "shape_corners": 31,
                "paint_color": "#FF000000",
                "position_padding_left": 25.0,
                "position_padding_right": 325.0,
                "position_padding_top": 1025.0,
                "fx_shadow": "OUTER",
                "fx_shadow_blur": 40.0,
                "fx_shadow_direction": 0,
                "fx_shadow_distance": 0,
                "fx_shadow_color": "#28424242",
                "shape_height": 175.0
              },
              {
                "internal_type": "OverlapLayerModule",
                "config_scale_value": 90.0,
                "position_padding_top": 250.0,
                "position_padding_right": 500.0,
                "viewgroup_items": [
                  {
                    "internal_type": "ProgressModule",
                    "progress_progress": "MUSIC",
                    "color_bgcolor": "#FF000000",
                    "color_tcolor": "#FF8EC9FF",
                    "style_size": 250.0,
                    "style_shape": "RECT",
                    "style_height": 10.0,
                    "position_padding_left": 500.0,
                    "position_padding_right": 275.0,
                    "position_padding_top": 975.0,
                    "internal_toggles": {
                      "color_bgcolor": 100,
                      "color_fgcolor": 100
                    },
                    "internal_globals": {
                      "color_fgcolor": "color 2",
                      "color_bgcolor": "color 3"
                    }
                  },
                  {
                    "internal_type": "TextModule",
                    "text_expression": "$mi(state)$",
                    "text_family": "kfile://org.kustom.provider/fonts/Cheeky Rabbit.ttf",
                    "text_size": 12.0,
                    "paint_color": "#FF000000",
                    "position_padding_left": 342.0,
                    "position_padding_right": 325.0,
                    "position_padding_top": 1018.0,
                    "internal_toggles": {
                      "paint_color": 100
                    },
                    "internal_globals": {
                      "paint_color": "color 3"
                    }
                  },
                  {
                    "internal_type": "StackLayerModule",
                    "config_stacking": "HORIZONTAL_CENTER",
                    "config_margin": 35.0,
                    "config_scale_value": 50.0,
                    "position_padding_left": 225.0,
                    "position_padding_top": 900.0,
                    "viewgroup_items": [
                      {
                        "internal_type": "OverlapLayerModule",
                        "internal_events": [
                          {
                            "type": "SINGLE_TAP",
                            "action": "MUSIC",
                            "music_action": "PREVIOUS"
                          }
                        ],
                        "viewgroup_items": [
                          {
                            "internal_type": "ShapeModule",
                            "shape_width": 80.0,
                            "paint_color": "#00FFFFFF"
                          },
                          {
                            "internal_type": "FontIconModule",
                            "icon_set": "kfile://org.kustom.provider/icons/entypo.ttf",
                            "icon_icon": "controller-jump-to-start",
                            "icon_size": 40.0,
                            "internal_toggles": {
                              "paint_color": 100
                            },
                            "internal_globals": {
                              "paint_color": "color 2"
                            }
                          }
                        ]
                      },
                      {
                        "internal_type": "OverlapLayerModule",
                        "internal_title": "Overlap Group",
                        "viewgroup_items": [
                          {
                            "internal_type": "OverlapLayerModule",
                            "internal_title": "pause",
                            "internal_events": [
                              {
                                "type": "SINGLE_TAP",
                                "action": "MUSIC",
                                "music_action": "PLAY_PAUSE"
                              }
                            ],
                            "internal_toggles": {
                              "config_visible": 10
                            },
                            "internal_formulas": {
                              "config_visible": "$if(mi(state) = playing, ALWAYS, REMOVE)$"
                            },
                            "viewgroup_items": [
                              {
                                "internal_type": "FontIconModule",
                                "icon_size": 40.0,
                                "icon_set": "kfile://org.kustom.provider/icons/entypo.ttf",
                                "icon_icon": "controller-paus",
                                "paint_color": "#80000000",
                                "internal_toggles": {
                                  "paint_color": 100
                                },
                                "internal_globals": {
                                  "paint_color": "color 2"
                                }
                              },
                              {
                                "internal_type": "ShapeModule",
                                "shape_width": 80.0,
                                "paint_color": "#00FFFFFF"
                              }
                            ]
                          },
                          {
                            "internal_type": "OverlapLayerModule",
                            "internal_title": "play",
                            "internal_events": [
                              {
                                "type": "SINGLE_TAP",
                                "action": "MUSIC",
                                "music_action": "PLAY_PAUSE"
                              }
                            ],
                            "internal_toggles": {
                              "config_visible": 10
                            },
                            "internal_formulas": {
                              "config_visible": "$if(mi(state) = playing, REMOVE, ALWAYS)$"
                            },
                            "viewgroup_items": [
                              {
                                "internal_type": "ShapeModule",
                                "shape_width": 80.0,
                                "paint_color": "#00FFFFFF"
                              },
                              {
                                "internal_type": "FontIconModule",
                                "icon_size": 40.0,
                                "icon_set": "kfile://org.kustom.provider/icons/entypo.ttf",
                                "icon_icon": "controller-play",
                                "paint_color": "#80000000",
                                "internal_toggles": {
                                  "paint_color": 100
                                },
                                "internal_globals": {
                                  "paint_color": "color 2"
                                }
                              }
                            ]
                          }
                        ]
                      },
                      {
                        "internal_type": "OverlapLayerModule",
                        "internal_events": [
                          {
                            "type": "SINGLE_TAP",
                            "action": "MUSIC",
                            "music_action": "NEXT"
                          }
                        ],
                        "viewgroup_items": [
                          {
                            "internal_type": "ShapeModule",
                            "shape_width": 80.0,
                            "paint_color": "#00FFFFFF"
                          },
                          {
                            "internal_type": "FontIconModule",
                            "icon_set": "kfile://org.kustom.provider/icons/entypo.ttf",
                            "icon_icon": "controller-next",
                            "icon_size": 40.0,
                            "internal_toggles": {
                              "paint_color": 100
                            },
                            "internal_globals": {
                              "paint_color": "color 2"
                            }
                          }
                        ]
                      }
                    ]
                  },
                  {
                    "internal_type": "OverlapLayerModule",
                    "position_offset_x": -20.0,
                    "position_padding_left": 200.0,
                    "position_padding_right": 50.0,
                    "position_padding_top": 625.0,
                    "viewgroup_items": [
                      {
                        "internal_type": "OverlapLayerModule",
                        "position_padding_left": 75.0,
                        "position_padding_top": 125.0,
                        "config_scale_value": 85.0,
                        "viewgroup_items": [
                          {
                            "internal_type": "TextModule",
                            "text_expression": "$mi(title)$",
                            "internal_toggles": {
                              "paint_color": 100
                            },
                            "internal_globals": {
                              "paint_color": "color 2"
                            },
                            "text_size": 21.0,
                            "text_width": 360.0,
                            "text_family": "kfile://org.kustom.provider/fonts/Cheeky Rabbit.ttf",
                            "text_lines": 1.0,
                            "text_align": "CENTER",
                            "text_size_type": "FIXED_WIDTH"
                          },
                          {
                            "internal_type": "TextModule",
                            "text_expression": "$mi(artist)$",
                            "internal_toggles": {
                              "paint_color": 100
                            },
                            "internal_globals": {
                              "paint_color": "color 2"
                            },
                            "text_width": 360.0,
                            "text_family": "kfile://org.kustom.provider/fonts/Cheeky Rabbit.ttf",
                            "text_lines": 1.0,
                            "text_align": "CENTER",
                            "text_size_type": "FIXED_WIDTH",
                            "position_padding_top": 75.0
                          }
                        ]
                      }
                    ]
                  }
                ]
              }
            ]
          }
        ]
      },
      {
        "internal_type": "OverlapLayerModule",
        "position_offset_y": -260.0,
        "config_scale_value": 90.0,
        "viewgroup_items": [
          {
            "internal_type": "OverlapLayerModule",
            "position_anchor": "TOP",
            "viewgroup_items": [
              {
                "internal_type": "ShapeModule",
                "internal_toggles": {
                  "paint_color": 100
                },
                "internal_globals": {
                  "paint_color": "primary"
                },
                "shape_type": "RECT",
                "shape_width": 517.0,
                "shape_corners": 31,
                "paint_color": "#FF000000",
                "position_padding_left": 275.0,
                "position_padding_right": 275.0,
                "position_padding_top": 1375.0,
                "shape_height": 249.0,
                "fx_shadow": "OUTER",
                "fx_shadow_blur": 40.0,
                "fx_shadow_direction": 0,
                "fx_shadow_distance": 0,
                "fx_shadow_color": "#28424242"
              },
              {
                "internal_type": "ShapeModule",
                "shape_type": "RECT",
                "shape_width": 150.0,
                "shape_height": 190.0,
                "shape_corners": 25.0,
                "fx_gradient_bitmap": "kfile://org.kustom.provider/bitmaps/IMG9db02e09d69bd17984ffd0065f1c7eed",
                "fx_shadow_blur": 40.0,
                "fx_shadow_direction": 0,
                "fx_shadow_distance": 0,
                "fx_shadow_color": "#28424242",
                "position_padding_right": 350.0,
                "position_padding_top": 1375.0,
                "internal_toggles": {
                  "paint_color": 100
                },
                "internal_globals": {
                  "paint_color": "primary"
                },
                "fx_shadow": "OUTER"
              },
              {
                "internal_type": "ShapeModule",
                "internal_toggles": {
                  "paint_color": 100,
                  "fx_gradient_bitmap": 100
                },
                "internal_globals": {
                  "paint_color": "color 2",
                  "fx_gradient_bitmap": "img 2"
                },
                "shape_type": "RECT",
                "shape_width": 140.0,
                "shape_height": 180.0,
                "shape_corners": 25.0,
                "fx_gradient": "BITMAP",
                "fx_gradient_bitmap": "kfile://org.kustom.provider/bitmaps/IMG9db02e09d69bd17984ffd0065f1c7eed",
                "fx_shadow_blur": 40.0,
                "fx_shadow_direction": 0,
                "fx_shadow_distance": 0,
                "fx_shadow_color": "#E0424242",
                "position_padding_right": 350.0,
                "position_padding_top": 1375.0
              }
            ]
          },
          {
            "internal_type": "OverlapLayerModule",
            "viewgroup_items": [
              {
                "internal_type": "StackLayerModule",
                "config_margin": 7.0,
                "position_padding_left": 175.0,
                "position_padding_top": 1325.0,
                "config_scale_value": 130.0,
                "position_padding_right": 25.0,
                "viewgroup_items": [
                  {
                    "internal_type": "CurvedTextModule",
                    "text_expression": "Have a nice day !",
                    "text_family": "kfile://org.kustom.provider/fonts/Cheeky Rabbit.ttf",
                    "text_size": 27.0,
                    "fx_shadow_blur": 40.0,
                    "fx_shadow_direction": 0,
                    "fx_shadow_distance": 0,
                    "fx_shadow_color": "#28424242",
                    "internal_toggles": {
                      "paint_color": 100
                    },
                    "internal_globals": {
                      "paint_color": "color 2"
                    },
                    "paint_color": "#FFFCFEFF"
                  },
                  {
                    "internal_type": "TextModule",
                    "internal_toggles": {
                      "paint_color": 100
                    },
                    "internal_globals": {
                      "paint_color": "color 2"
                    },
                    "text_expression": "$df(d)$$tc(ord, df(d))$ $df(MMM)$ - $df(EEE, a1d)$",
                    "text_family": "kfile://org.kustom.provider/fonts/advent-Bd3.otf",
                    "text_size": 24.0
                  },
                  {
                    "internal_type": "TextModule",
                    "internal_toggles": {
                      "paint_color": 100
                    },
                    "internal_globals": {
                      "paint_color": "color 2"
                    },
                    "text_family": "kfile://org.kustom.provider/fonts/advent-Bd3.otf"
                  }
                ]
              },
              {
                "internal_type": "OverlapLayerModule",
                "position_padding_left": 50.0,
                "position_padding_top": 75.0,
                "viewgroup_items": [
                  {
                    "internal_type": "ShapeModule",
                    "shape_type": "RECT",
                    "shape_width": 140.0,
                    "shape_height": 60.0,
                    "shape_corners": 143,
                    "fx_shadow": "OUTER",
                    "fx_shadow_blur": 40.0,
                    "fx_shadow_direction": 0,
                    "fx_shadow_distance": 0,
                    "fx_shadow_color": "#28424242",
                    "position_padding_left": 350.0,
                    "position_padding_top": 1525.0,
                    "internal_toggles": {
                      "paint_color": 100
                    },
                    "internal_globals": {
                      "paint_color": "color 2"
                    }
                  },
                  {
                    "internal_type": "TextModule",
                    "text_expression": "$wi(temp)$°$wi(tempu)$",
                    "text_family": "kfile://org.kustom.provider/fonts/SphereSans.otf",
                    "position_padding_left": 295.0,
                    "position_padding_top": 1535.0,
                    "internal_toggles": {
                      "paint_color": 100
                    },
                    "internal_globals": {
                      "paint_color": "primary"
                    },
                    "fx_shadow_blur": 1,
                    "fx_shadow_direction": 0,
                    "fx_shadow_distance": 0
                  },
                  {
                    "internal_type": "KomponentModule",
                    "internal_title": "GoogleNowWeather",
                    "globals_list": {
                      "icon": {
                        "index": 1,
                        "type": "LIST",
                        "title": "Icon",
                        "entries": "\"$wi(icon)$\"##Current,\"$wf(icon, 0)$\"##Today Forecast,\"$wf(icon, 1)$\"##Tomorrow Forecast,\"$wf(icon, 2)$\"##2 Days Forecast,\"$wf(icon, 3)$\"##3 Days Forecast,\"$wf(icon, 4)$\"##4 Days Forecast,\"$wf(icon, 5)$\"##5 Days Forecast,\"$wf(icon, 6)$\"##6 Days Forecast,\"$wf(icon, 7)$\"##7 Days Forecast,\"$wf(icon, 8)$\"##8 Days Forecast,\"$wf(icon, 9)$\"##9 Days Forecast",
                        "value": "$wf(icon, 0)$"
                      },
                      "nightico": {
                        "index": 2,
                        "type": "SWITCH",
                        "title": "NightIco",
                        "value": 1
                      },
                      "opacity": {
                        "index": 3,
                        "type": "NUMBER",
                        "title": "Opacity",
                        "min": 0,
                        "max": 100,
                        "value": 100
                      },
                      "size": {
                        "index": 4,
                        "type": "NUMBER",
                        "title": "Size",
                        "min": 10,
                        "max": 720,
                        "value": 50.0
                      },
                      "rotate": {
                        "index": 5,
                        "type": "NUMBER",
                        "title": "Rotate",
                        "min": 0,
                        "max": 359
                      },
                      "clear-day": {
                        "index": 10,
                        "type": "BITMAP",
                        "title": "clear-day",
                        "toggles": 1,
                        "value": "kfile://org.kustom.provider/bitmaps/clear-day.svg"
                      },
                      "clear-night": {
                        "index": 10,
                        "type": "BITMAP",
                        "title": "clear-night",
                        "toggles": 1,
                        "value": "kfile://org.kustom.provider/bitmaps/clear-night.svg"
                      },
                      "fog-day": {
                        "index": 10,
                        "type": "BITMAP",
                        "title": "fog-day",
                        "toggles": 1,
                        "value": "kfile://org.kustom.provider/bitmaps/fog-day.svg"
                      },
                      "fog-night": {
                        "index": 10,
                        "type": "BITMAP",
                        "title": "fog-night",
                        "toggles": 1,
                        "value": "kfile://org.kustom.provider/bitmaps/fog-night.svg"
                      },
                      "hail-day": {
                        "index": 10,
                        "type": "BITMAP",
                        "title": "hail-day",
                        "toggles": 1,
                        "value": "kfile://org.kustom.provider/bitmaps/hail-day.svg"
                      },
                      "hail-night": {
                        "index": 10,
                        "type": "BITMAP",
                        "title": "hail-night",
                        "toggles": 1,
                        "value": "kfile://org.kustom.provider/bitmaps/hail-night.svg"
                      },
                      "lsnow-day": {
                        "index": 10,
                        "type": "BITMAP",
                        "title": "lsnow-day",
                        "toggles": 1,
                        "value": "kfile://org.kustom.provider/bitmaps/lsnow-day.svg"
                      },
                      "lsnow-night": {
                        "index": 10,
                        "type": "BITMAP",
                        "title": "lsnow-night",
                        "toggles": 1,
                        "value": "kfile://org.kustom.provider/bitmaps/lsnow-night.svg"
                      },
                      "mcloudy": {
                        "index": 11,
                        "type": "BITMAP",
                        "title": "mcloudy",
                        "toggles": 1,
                        "value": "kfile://org.kustom.provider/bitmaps/mcloudy.svg"
                      },
                      "pcloudy-day": {
                        "index": 12,
                        "type": "BITMAP",
                        "title": "pcloudy-day",
                        "toggles": 1,
                        "value": "kfile://org.kustom.provider/bitmaps/pcloudy-day.svg"
                      },
                      "pcloudy-night": {
                        "index": 13,
                        "type": "BITMAP",
                        "title": "pcloudy-night",
                        "toggles": 1,
                        "value": "kfile://org.kustom.provider/bitmaps/pcloudy-night.svg"
                      },
                      "rain": {
                        "index": 14,
                        "type": "BITMAP",
                        "title": "rain",
                        "toggles": 1,
                        "value": "kfile://org.kustom.provider/bitmaps/rain.svg"
                      },
                      "showers-day": {
                        "index": 15,
                        "type": "BITMAP",
                        "title": "showers-day",
                        "toggles": 1,
                        "value": "kfile://org.kustom.provider/bitmaps/showers-day.svg"
                      },
                      "showers-night": {
                        "index": 16,
                        "type": "BITMAP",
                        "title": "showers-night",
                        "toggles": 1,
                        "value": "kfile://org.kustom.provider/bitmaps/showers-night.svg"
                      },
                      "sleet-day": {
                        "index": 17,
                        "type": "BITMAP",
                        "title": "sleet-day",
                        "toggles": 1,
                        "value": "kfile://org.kustom.provider/bitmaps/sleet-day.svg"
                      },
                      "sleet-night": {
                        "index": 18,
                        "type": "BITMAP",
                        "title": "sleet-night",
                        "toggles": 1,
                        "value": "kfile://org.kustom.provider/bitmaps/sleet-night.svg"
                      },
                      "snow-day": {
                        "index": 19,
                        "type": "BITMAP",
                        "title": "snow-day",
                        "toggles": 1,
                        "value": "kfile://org.kustom.provider/bitmaps/snow-day.svg"
                      },
                      "snow-night": {
                        "index": 20,
                        "type": "BITMAP",
                        "title": "snow-night",
                        "toggles": 1,
                        "value": "kfile://org.kustom.provider/bitmaps/snow-night.svg"
                      },
                      "tornado": {
                        "index": 21,
                        "type": "BITMAP",
                        "title": "tornado",
                        "toggles": 1,
                        "value": "kfile://org.kustom.provider/bitmaps/tornado.svg"
                      },
                      "tshower-day": {
                        "index": 22,
                        "type": "BITMAP",
                        "title": "tshower-day",
                        "toggles": 1,
                        "value": "kfile://org.kustom.provider/bitmaps/tshower-day.svg"
                      },
                      "tshower-night": {
                        "index": 23,
                        "type": "BITMAP",
                        "title": "tshower-night",
                        "toggles": 1,
                        "value": "kfile://org.kustom.provider/bitmaps/tshower-night.svg"
                      },
                      "tstorm": {
                        "index": 24,
                        "type": "BITMAP",
                        "title": "tstorm",
                        "toggles": 1,
                        "value": "kfile://org.kustom.provider/bitmaps/tstorm.svg"
                      },
                      "unknown": {
                        "index": 25,
                        "type": "BITMAP",
                        "title": "unknown",
                        "toggles": 1,
                        "value": "kfile://org.kustom.provider/bitmaps/unknown.svg"
                      },
                      "windy-day": {
                        "index": 26,
                        "type": "BITMAP",
                        "title": "windy-day",
                        "toggles": 1,
                        "value": "kfile://org.kustom.provider/bitmaps/windy-day.svg"
                      },
                      "windy-night": {
                        "index": 27,
                        "type": "BITMAP",
                        "title": "windy-night",
                        "toggles": 1,
                        "value": "kfile://org.kustom.provider/bitmaps/windy-night.svg"
                      }
                    },
                    "internal_locked": "true",
                    "position_padding_left": 400.0,
                    "position_padding_top": 1525.0,
                    "viewgroup_items": [
                      {
                        "internal_type": "BitmapModule",
                        "internal_toggles": {
                          "bitmap_svg": 10,
                          "bitmap_width": 100,
                          "bitmap_rotate": 100,
                          "bitmap_alpha": 100
                        },
                        "internal_globals": {
                          "bitmap_width": "size",
                          "bitmap_rotate": "rotate",
                          "bitmap_alpha": "opacity"
                        },
                        "internal_formulas": {
                          "bitmap_svg": "$if(gv(icon)=tshower, if(ai(isday), gv(tshower-day), gv(tshower-night)), gv(icon)=shower, if(ai(isday), gv(showers-day), gv(showers-night)), gv(icon)=sleet, if(ai(isday), gv(sleet-day), gv(sleet-night)), gv(icon)=lsnow, if(ai(isday), gv(lsnow-day), gv(lsnow-night)), gv(icon)=snow, if(ai(isday), gv(snow-day), gv(snow-night)), gv(icon)=hail, if(ai(isday), gv(hail-day), gv(hail-night)), gv(icon)=fog, if(ai(isday), gv(fog-day), gv(fog-night)), gv(icon)=windy, if(ai(isday), gv(windy-day), gv(windy-night)), gv(icon)=pcloudy, if(ai(isday), gv(pcloudy-day), gv(pcloudy-night)), gv(icon)=clear, if(ai(isday), gv(clear-day), gv(clear-night)), gv(gv(icon)))$"
                        },
                        "bitmap_mode": "VECTOR"
                      }
                    ]
                  }
                ]
              }
            ]
          }
        ]
      }
    ]
  }
}