{
  "preset_info": {
    "archive": "",
    "author": "Yeswanth S ",
    "description": "",
    "email": "yeswanthshanmugam@gmail.com",
    "features": "NOTIFICATIONS",
    "pflags": 0,
    "hash": null,
    "height": 460,
    "id": "dcc9e83a-82d5-475b-b073-4e30d072e2b1",
    "locked": false,
    "release": 378512316,
    "ts": 1748322572399,
    "title": "Cyber w4 v1",
    "version": 13,
    "width": 1040,
    "xscreens": 0,
    "yscreens": 0
  },
  "preset_root": {
    "internal_type": "RootLayerModule",
    "globals_list": {
      "c1": {
        "index": 1,
        "type": "COLOR",
        "title": "C1",
        "value": "#FFFCF632"
      },
      "c2": {
        "index": 2,
        "type": "COLOR",
        "title": "C2",
        "value": "#FFF0EFFF"
      },
      "bg": {
        "index": 3,
        "type": "COLOR",
        "title": "Bg",
        "value": "#FF000000"
      }
    },
    "internal_events": [
      {
        "type": "SINGLE_TAP",
        "action": "KUSTOM_ACTION"
      }
    ],
    "viewgroup_items": [
      {
        "internal_type": "OverlapLayerModule",
        "position_offset_x": 5.0,
        "viewgroup_items": [
          {
            "internal_type": "StackLayerModule",
            "config_stacking": "HORIZONTAL_CENTER",
            "position_padding_right": 5.0,
            "config_margin": -5.0,
            "viewgroup_items": [
              {
                "internal_type": "OverlapLayerModule",
                "viewgroup_items": [
                  {
                    "internal_type": "ShapeModule",
                    "shape_type": "PATH",
                    "shape_width": 280.0,
                    "shape_height": 280.0,
                    "shape_path": "M20 0 H130 A10 10 0 0 1 140 10 V70 L130 80 H20 A10 10 0 0 1 10 70 V10 L20 0 Z",
                    "paint_style": "STROKE",
                    "paint_stroke": 3.0,
                    "position_padding_top": 125.0,
                    "shape_rotate_mode": "FLIP_Y",
                    "shape_rotate_offset": 180.0,
                    "internal_toggles": {
                      "paint_color": 100
                    },
                    "internal_globals": {
                      "paint_color": "c1"
                    }
                  },
                  {
                    "internal_type": "OverlapLayerModule",
                    "position_padding_left": 25.0,
                    "position_padding_top": 25.0,
                    "viewgroup_items": [
                      {
                        "internal_type": "StackLayerModule",
                        "config_margin": -107.0,
                        "position_padding_bottom": 35.0,
                        "viewgroup_items": [
                          {
                            "internal_type": "OverlapLayerModule",
                            "position_padding_bottom": 100.0,
                            "viewgroup_items": [
                              {
                                "internal_type": "StackLayerModule",
                                "config_stacking": "HORIZONTAL_CENTER",
                                "config_margin": 4.0,
                                "viewgroup_items": [
                                  {
                                    "internal_type": "TextModule",
                                    "text_expression": "MODE: ",
                                    "text_family": "kfile://org.kustom.provider/fonts/JetBrains Mono.ttf",
                                    "internal_toggles": {
                                      "paint_color": 100
                                    },
                                    "internal_globals": {
                                      "paint_color": "c1"
                                    },
                                    "text_width": 220.0,
                                    "text_lines": 3.0,
                                    "text_size": 19.0
                                  },
                                  {
                                    "internal_type": "TextModule",
                                    "text_expression": "$si(ringer)$",
                                    "text_family": "kfile://org.kustom.provider/fonts/JetBrains Mono.ttf",
                                    "internal_toggles": {
                                      "paint_color": 100
                                    },
                                    "internal_globals": {
                                      "paint_color": "c2"
                                    },
                                    "text_size_type": "FIXED_WIDTH",
                                    "text_width": 80.0,
                                    "text_lines": 1.0,
                                    "text_size": 19.0
                                  },
                                  {
                                    "internal_type": "OverlapLayerModule",
                                    "viewgroup_items": [
                                      {
                                        "internal_type": "OverlapLayerModule",
                                        "internal_toggles": {
                                          "config_visible": 10
                                        },
                                        "internal_formulas": {
                                          "config_visible": "$if(si(ringer)=\"NORMAL\", always, never)$"
                                        },
                                        "viewgroup_items": [
                                          {
                                            "internal_type": "ShapeModule",
                                            "internal_toggles": {
                                              "paint_color": 100
                                            },
                                            "internal_globals": {
                                              "paint_color": "c2"
                                            },
                                            "shape_type": "PATH",
                                            "shape_width": 50.0,
                                            "shape_height": 50.0,
                                            "shape_path": "M20 10 H44 A4 4 0 0 1 48 14 V58 A4 4 0 0 1 44 62 H20 A4 4 0 0 1 16 58 V14 A4 4 0 0 1 20 10 Z M26 14 H38 V16 H26 Z",
                                            "paint_style": "STROKE",
                                            "position_padding_top": 10.0
                                          }
                                        ]
                                      },
                                      {
                                        "internal_type": "OverlapLayerModule",
                                        "internal_toggles": {
                                          "config_visible": 10
                                        },
                                        "internal_formulas": {
                                          "config_visible": "$if(si(ringer)=\"VIBRATE\", always, never)$"
                                        },
                                        "viewgroup_items": [
                                          {
                                            "internal_type": "ShapeModule",
                                            "internal_toggles": {
                                              "paint_color": 100
                                            },
                                            "internal_globals": {
                                              "paint_color": "c2"
                                            },
                                            "shape_type": "PATH",
                                            "shape_width": 50.0,
                                            "shape_height": 50.0,
                                            "shape_path": "M20 10 H44 A4 4 0 0 1 48 14 V58 A4 4 0 0 1 44 62 H20 A4 4 0 0 1 16 58 V14 A4 4 0 0 1 20 10 Z M26 14 H38 V16 H26 Z M12 20 L10 24 L12 28 L10 32 L12 36 M52 20 L54 24 L52 28 L54 32 L52 36",
                                            "paint_style": "STROKE",
                                            "position_padding_top": 10.0
                                          }
                                        ]
                                      },
                                      {
                                        "internal_type": "OverlapLayerModule",
                                        "internal_toggles": {
                                          "config_visible": 10
                                        },
                                        "internal_formulas": {
                                          "config_visible": "$if(si(ringer)=\"SILENT\", always, never)$"
                                        },
                                        "viewgroup_items": [
                                          {
                                            "internal_type": "ShapeModule",
                                            "internal_toggles": {
                                              "paint_color": 100
                                            },
                                            "internal_globals": {
                                              "paint_color": "c2"
                                            },
                                            "shape_type": "PATH",
                                            "shape_width": 50.0,
                                            "shape_height": 50.0,
                                            "shape_path": "M20 10 H44 A4 4 0 0 1 48 14 V58 A4 4 0 0 1 44 62 H20 A4 4 0 0 1 16 58 V14 A4 4 0 0 1 20 10 Z M26 14 H38 V16 H26 Z M24 20 L40 48",
                                            "paint_style": "STROKE",
                                            "position_padding_top": 10.0
                                          }
                                        ]
                                      }
                                    ]
                                  }
                                ]
                              }
                            ]
                          },
                          {
                            "internal_type": "StackLayerModule",
                            "config_margin": 10.0,
                            "viewgroup_items": [
                              {
                                "internal_type": "StackLayerModule",
                                "config_stacking": "HORIZONTAL_CENTER",
                                "config_margin": 4.0,
                                "viewgroup_items": [
                                  {
                                    "internal_type": "TextModule",
                                    "text_expression": "NOTIFICATIONS: ",
                                    "text_family": "kfile://org.kustom.provider/fonts/JetBrains Mono.ttf",
                                    "internal_toggles": {
                                      "paint_color": 100
                                    },
                                    "internal_globals": {
                                      "paint_color": "c1"
                                    },
                                    "text_width": 220.0,
                                    "text_lines": 3.0,
                                    "text_size": 19.0
                                  },
                                  {
                                    "internal_type": "TextModule",
                                    "text_expression": "$ni(count)$",
                                    "text_family": "kfile://org.kustom.provider/fonts/JetBrains Mono.ttf",
                                    "internal_toggles": {
                                      "paint_color": 100
                                    },
                                    "internal_globals": {
                                      "paint_color": "c2"
                                    },
                                    "text_size_type": "FIXED_WIDTH",
                                    "text_width": 80.0,
                                    "text_lines": 3.0,
                                    "text_size": 19.0
                                  }
                                ]
                              },
                              {
                                "internal_type": "StackLayerModule",
                                "config_stacking": "HORIZONTAL_CENTER",
                                "config_margin": 4.0,
                                "viewgroup_items": [
                                  {
                                    "internal_type": "TextModule",
                                    "text_expression": "Alarm:",
                                    "text_family": "kfile://org.kustom.provider/fonts/JetBrains Mono.ttf",
                                    "internal_toggles": {
                                      "paint_color": 100
                                    },
                                    "internal_globals": {
                                      "paint_color": "c1"
                                    },
                                    "text_width": 220.0,
                                    "text_lines": 3.0,
                                    "text_size": 19.0
                                  },
                                  {
                                    "internal_type": "TextModule",
                                    "text_expression": "$si(alarmt)$",
                                    "text_family": "kfile://org.kustom.provider/fonts/JetBrains Mono.ttf",
                                    "internal_toggles": {
                                      "paint_color": 100
                                    },
                                    "internal_globals": {
                                      "paint_color": "c2"
                                    },
                                    "text_size_type": "FIXED_WIDTH",
                                    "text_width": 140.0,
                                    "text_lines": 3.0,
                                    "text_size": 19.0
                                  }
                                ]
                              }
                            ]
                          }
                        ]
                      }
                    ]
                  }
                ]
              },
              {
                "internal_type": "OverlapLayerModule",
                "viewgroup_items": [
                  {
                    "internal_type": "ShapeModule",
                    "shape_type": "PATH",
                    "shape_width": 280.0,
                    "shape_height": 280.0,
                    "shape_path": "M20 0 H130 A10 10 0 0 1 140 10 V70 L130 80 H20 A10 10 0 0 1 10 70 V10 L20 0 Z",
                    "paint_style": "STROKE",
                    "paint_stroke": 3.0,
                    "position_padding_top": 125.0,
                    "shape_rotate_offset": 180.0,
                    "internal_toggles": {
                      "paint_color": 100
                    },
                    "internal_globals": {
                      "paint_color": "c2"
                    }
                  },
                  {
                    "internal_type": "StackLayerModule",
                    "config_margin": 25.0,
                    "position_padding_right": 10.0,
                    "viewgroup_items": [
                      {
                        "internal_type": "StackLayerModule",
                        "config_stacking": "HORIZONTAL_TOP",
                        "config_margin": 35.0,
                        "config_scale_value": 125.0,
                        "position_padding_left": 40.0,
                        "viewgroup_items": [
                          {
                            "internal_type": "FontIconModule",
                            "icon_set": "kfile://org.kustom.provider/icons/fontawesome.ttf",
                            "icon_icon": "spotify",
                            "icon_size": 30.0,
                            "internal_toggles": {
                              "paint_color": 100
                            },
                            "internal_globals": {
                              "paint_color": "c1"
                            },
                            "position_padding_left": 5.0,
                            "internal_events": [
                              {
                                "type": "SINGLE_TAP",
                                "action": "LAUNCH_APP",
                                "intent": "intent:#Intent;action=android.intent.action.MAIN;category=android.intent.category.LAUNCHER;component=com.spotify.music/.MainActivity;S.org.kustom.intent.label=Spotify;end"
                              }
                            ]
                          },
                          {
                            "internal_type": "FontIconModule",
                            "icon_set": "kfile://org.kustom.provider/icons/fontawesome.ttf",
                            "icon_icon": "youtube-play",
                            "icon_size": 30.0,
                            "internal_toggles": {
                              "paint_color": 100
                            },
                            "internal_globals": {
                              "paint_color": "c1"
                            },
                            "internal_events": [
                              {
                                "type": "SINGLE_TAP",
                                "action": "LAUNCH_APP",
                                "intent": "intent:#Intent;action=android.intent.action.MAIN;category=android.intent.category.LAUNCHER;component=com.google.android.youtube/.app.honeycomb.Shell%24HomeActivity;S.org.kustom.intent.label=YouTube;end"
                              }
                            ]
                          },
                          {
                            "internal_type": "FontIconModule",
                            "icon_set": "kfile://org.kustom.provider/icons/fontawesome.ttf",
                            "icon_icon": "phone",
                            "icon_size": 30.0,
                            "internal_toggles": {
                              "paint_color": 100
                            },
                            "internal_globals": {
                              "paint_color": "c1"
                            },
                            "internal_events": [
                              {
                                "type": "SINGLE_TAP",
                                "action": "LAUNCH_APP",
                                "intent": "intent:#Intent;action=android.intent.action.MAIN;category=android.intent.category.LAUNCHER;component=com.sh.smart.caller/com.android.dialer.main.impl.MainActivity;S.org.kustom.intent.label=Phone;end"
                              }
                            ]
                          }
                        ]
                      },
                      {
                        "internal_type": "StackLayerModule",
                        "config_stacking": "HORIZONTAL_TOP",
                        "config_margin": 35.0,
                        "config_scale_value": 125.0,
                        "position_padding_left": 40.0,
                        "viewgroup_items": [
                          {
                            "internal_type": "FontIconModule",
                            "icon_set": "kfile://org.kustom.provider/icons/fontawesome.ttf",
                            "icon_icon": "whatsapp",
                            "icon_size": 30.0,
                            "internal_toggles": {
                              "paint_color": 100
                            },
                            "internal_globals": {
                              "paint_color": "c1"
                            },
                            "position_padding_left": 5.0,
                            "internal_events": [
                              {
                                "type": "SINGLE_TAP",
                                "action": "LAUNCH_APP",
                                "intent": "intent:#Intent;action=android.intent.action.MAIN;category=android.intent.category.LAUNCHER;component=com.whatsapp/.Main;S.org.kustom.intent.label=WhatsApp;end"
                              }
                            ]
                          },
                          {
                            "internal_type": "FontIconModule",
                            "icon_set": "kfile://org.kustom.provider/icons/fontawesome.ttf",
                            "icon_icon": "firefox",
                            "icon_size": 30.0,
                            "internal_toggles": {
                              "paint_color": 100
                            },
                            "internal_globals": {
                              "paint_color": "c1"
                            },
                            "internal_events": [
                              {
                                "type": "SINGLE_TAP",
                                "action": "LAUNCH_APP",
                                "intent": "intent:#Intent;action=android.intent.action.MAIN;category=android.intent.category.LAUNCHER;component=io.github.forkmaintainers.iceraven/.App;S.org.kustom.intent.label=Iceraven;end"
                              }
                            ]
                          },
                          {
                            "internal_type": "FontIconModule",
                            "icon_set": "kfile://org.kustom.provider/icons/fontawesome.ttf",
                            "icon_icon": "envelope-o",
                            "icon_size": 30.0,
                            "internal_toggles": {
                              "paint_color": 100
                            },
                            "internal_globals": {
                              "paint_color": "c1"
                            },
                            "internal_events": [
                              {
                                "type": "SINGLE_TAP",
                                "action": "LAUNCH_APP",
                                "intent": "intent:#Intent;action=android.intent.action.MAIN;category=android.intent.category.LAUNCHER;component=ch.protonmail.android/.MainActivity;S.org.kustom.intent.label=Proton%20Mail;end"
                              }
                            ]
                          }
                        ]
                      }
                    ]
                  }
                ]
              }
            ]
          }
        ]
      }
    ]
  }
}