{
  "preset_info": {
    "archive": "",
    "author": "Yeswanth S",
    "description": "",
    "email": "yeswanthshanmugam@gmail.com",
    "features": "MUSIC",
    "pflags": 0,
    "hash": null,
    "height": 960,
    "id": "f2d37c42-2499-4aa2-b353-1135dcc96ea0",
    "locked": false,
    "release": 378512316,
    "ts": 1748422032914,
    "title": "Music w1",
    "version": 13,
    "width": 680,
    "xscreens": 0,
    "yscreens": 0
  },
  "preset_root": {
    "internal_type": "RootLayerModule",
    "globals_list": {
      "img left": {
        "index": 5,
        "type": "BITMAP",
        "title": "Img left",
        "value": "kfile://org.kustom.provider/bitmaps/IMGe6bd65104290c0779c6d897b350a198"
      },
      "img rt": {
        "index": 6,
        "type": "BITMAP",
        "title": "Img rt",
        "value": "kfile://org.kustom.provider/bitmaps/IMG6bbf5cbebaf359aec3411b17aa9be6ff"
      },
      "name": {
        "index": 1,
        "type": "TEXT",
        "title": "name",
        "value": "Yeswanth"
      },
      "bg color": {
        "index": 7,
        "type": "COLOR",
        "title": "Bg Color",
        "value": "#FF000000"
      },
      "base": {
        "index": 8,
        "type": "COLOR",
        "title": "Base",
        "value": "#FFFFFFFF"
      },
      "grad 1": {
        "index": 9,
        "type": "COLOR",
        "title": "Grad 1",
        "value": "#FFEC407A"
      },
      "grad 2": {
        "index": 10,
        "type": "COLOR",
        "title": "Grad 2",
        "value": "#FFEC407A"
      }
    },
    "internal_toggles": {
      "background_color": 0
    },
    "internal_globals": {
      "background_color": "bg color"
    },
    "internal_events": [
      {
        "type": "SINGLE_TAP",
        "action": "KUSTOM_ACTION"
      }
    ],
    "config_scale_value": 126.64908,
    "viewgroup_items": [
      {
        "internal_type": "StackLayerModule",
        "internal_title": "Component 2",
        "config_stacking": "HORIZONTAL_BOTTOM",
        "config_margin": -185.0,
        "viewgroup_items": [
          {
            "internal_type": "OverlapLayerModule",
            "position_offset_x": 100.0,
            "internal_toggles": {
              "config_visible": 0
            },
            "internal_formulas": {
              "config_visible": "$if(mi(state)=stopped , remove, always )$"
            },
            "internal_title": "Music",
            "viewgroup_items": [
              {
                "internal_type": "ShapeModule",
                "internal_toggles": {
                  "paint_color": 100
                },
                "shape_type": "RECT",
                "shape_width": 160.0,
                "shape_height": 320.0,
                "shape_corners": 19.0,
                "paint_style": "STROKE",
                "internal_globals": {
                  "paint_color": "base"
                },
                "position_padding_top": 15.0,
                "paint_stroke": 2.0
              },
              {
                "internal_type": "TextModule",
                "text_expression": "$mi(title)$",
                "text_family": "kfile://org.kustom.provider/fonts/NotoSansSylotiNagri.ttf",
                "text_size_type": "FIXED_WIDTH",
                "text_width": 140.0,
                "text_size": 14.0,
                "text_align": "CENTER",
                "position_padding_top": 50.0,
                "internal_toggles": {
                  "paint_color": 100,
                  "fx_gradient_color": 100
                },
                "internal_globals": {
                  "paint_color": "base",
                  "fx_gradient_color": "grad"
                },
                "text_lines": 1.0
              },
              {
                "internal_type": "TextModule",
                "text_expression": "$mi(artist)$",
                "text_family": "kfile://org.kustom.provider/fonts/NotoSansSylotiNagri.ttf",
                "text_size_type": "FIXED_WIDTH",
                "text_width": 140.0,
                "text_size": 14.0,
                "text_align": "CENTER",
                "position_padding_top": 100.0,
                "internal_toggles": {
                  "paint_color": 100
                },
                "internal_globals": {
                  "paint_color": "base"
                },
                "text_lines": 1.0
              },
              {
                "internal_type": "StackLayerModule",
                "config_stacking": "HORIZONTAL_CENTER",
                "config_margin": 10.0,
                "position_padding_top": 175.0,
                "viewgroup_items": [
                  {
                    "internal_type": "FontIconModule",
                    "icon_set": "kfile://org.kustom.provider/icons/entypo.ttf",
                    "icon_icon": "chevron-small-left",
                    "icon_size": 40.0,
                    "internal_toggles": {
                      "paint_color": 100
                    },
                    "internal_globals": {
                      "paint_color": "base"
                    },
                    "internal_events": [
                      {
                        "type": "SINGLE_TAP",
                        "action": "MUSIC",
                        "music_action": "PREVIOUS"
                      }
                    ]
                  },
                  {
                    "internal_type": "OverlapLayerModule",
                    "internal_events": [
                      {
                        "type": "SINGLE_TAP",
                        "action": "MUSIC"
                      }
                    ],
                    "viewgroup_items": [
                      {
                        "internal_type": "OverlapLayerModule",
                        "internal_toggles": {
                          "config_visible": 10
                        },
                        "viewgroup_items": [
                          {
                            "internal_type": "FontIconModule",
                            "icon_set": "kfile://org.kustom.provider/widgets/Horimiya.kwgt/icons/fontawesome.ttf",
                            "icon_icon": "heart-o",
                            "icon_size": 20.0,
                            "internal_toggles": {
                              "paint_color": 100,
                              "fx_gradient_color": 100
                            },
                            "internal_globals": {
                              "paint_color": "grad 1",
                              "fx_gradient_color": "grad 2"
                            },
                            "fx_gradient": "VERTICAL"
                          }
                        ]
                      },
                      {
                        "internal_type": "OverlapLayerModule",
                        "internal_toggles": {
                          "config_visible": 10
                        },
                        "internal_formulas": {
                          "config_visible": "$if(mi(state)=paused , remove , always)$"
                        },
                        "viewgroup_items": [
                          {
                            "internal_type": "FontIconModule",
                            "icon_set": "kfile://org.kustom.provider/widgets/Horimiya.kwgt/icons/fontawesome.ttf",
                            "icon_icon": "heart",
                            "icon_size": 20.0,
                            "internal_toggles": {
                              "paint_color": 100,
                              "fx_gradient_color": 100
                            },
                            "internal_globals": {
                              "paint_color": "grad 1",
                              "fx_gradient_color": "grad 2"
                            },
                            "fx_gradient": "VERTICAL"
                          }
                        ]
                      }
                    ]
                  },
                  {
                    "internal_type": "FontIconModule",
                    "icon_set": "kfile://org.kustom.provider/icons/entypo.ttf",
                    "icon_icon": "chevron-small-right",
                    "icon_size": 40.0,
                    "internal_toggles": {
                      "paint_color": 100
                    },
                    "internal_globals": {
                      "paint_color": "base"
                    },
                    "internal_events": [
                      {
                        "type": "SINGLE_TAP",
                        "action": "MUSIC",
                        "music_action": "NEXT"
                      }
                    ]
                  }
                ]
              },
              {
                "internal_type": "ProgressModule",
                "internal_toggles": {
                  "color_fgcolor": 100,
                  "color_bgcolor": 100,
                  "color_tcolor": 100
                },
                "internal_globals": {
                  "color_fgcolor": "grad 1",
                  "color_bgcolor": "base",
                  "color_tcolor": "grad 2"
                },
                "progress_mode": "SHAPES",
                "color_color": "GRADIENT",
                "style_size": 140.0,
                "style_shape": "SQUARE",
                "style_width": 185.0,
                "style_height": 3.0,
                "position_padding_top": 250.0,
                "progress_progress": "MUSIC",
                "color_fgcolor": "#FFFF9CFF",
                "color_tcolor": "#FFFF7AFF"
              },
              {
                "internal_type": "ShapeModule",
                "internal_toggles": {
                  "paint_color": 100,
                  "fx_gradient_bitmap": 10,
                  "fx_gradient": 0,
                  "fx_gradient_bitmap_mode": 0
                },
                "shape_width": 140.0,
                "shape_height": 80.0,
                "paint_stroke": 2.0,
                "internal_globals": {
                  "fx_gradient_bitmap": "pic",
                  "paint_color": "base"
                },
                "fx_gradient": "BITMAP",
                "position_padding_bottom": 125.0,
                "internal_formulas": {
                  "fx_gradient_bitmap": "$mi(cover)$",
                  "fx_gradient": "$mi(cover)$"
                },
                "fx_gradient_bitmap_width": 140.0,
                "shape_corners": 12.0
              }
            ]
          }
        ]
      }
    ]
  }
}