{
  "preset_info": {
    "archive": "",
    "author": "Yeswanth S ",
    "description": "",
    "email": "yeswanthshanmugam@gmail.com",
    "features": "LOCATION WEATHER MUSIC",
    "pflags": 0,
    "hash": null,
    "height": 1360,
    "id": "cdd80b72-10e6-48e6-909b-01b524b118d2",
    "locked": false,
    "release": 378512316,
    "ts": 1748420888303,
    "title": "L w1",
    "version": 13,
    "width": 1040,
    "xscreens": 0,
    "yscreens": 0
  },
  "preset_root": {
    "internal_type": "RootLayerModule",
    "globals_list": {
      "colour 1": {
        "index": 1,
        "type": "COLOR",
        "title": "Colour 1",
        "description": "",
        "global_formula": "",
        "value": "#FFF0EFFF"
      },
      "colour 2": {
        "index": 2,
        "type": "COLOR",
        "title": "Colour 2",
        "description": "",
        "global_formula": "",
        "value": "#FFF1749D"
      },
      "colour 3": {
        "index": 3,
        "type": "COLOR",
        "title": "Colour 3",
        "description": "",
        "global_formula": "",
        "value": "#FFC25373"
      },
      "pic": {
        "index": 4,
        "type": "BITMAP",
        "title": "Pic",
        "description": "",
        "global_formula": "",
        "value": "kfile://org.kustom.provider/bitmaps/IMG9b31255fbc87598ae8bf5157a25ef1"
      }
    },
    "internal_events": [
      {
        "type": "SINGLE_TAP",
        "action": "KUSTOM_ACTION"
      }
    ],
    "viewgroup_items": [
      {
        "internal_type": "OverlapLayerModule",
        "position_offset_x": -254.0,
        "position_offset_y": 260.0,
        "viewgroup_items": [
          {
            "internal_type": "ProgressModule",
            "progress_progress": "MUSIC",
            "progress_mode": "SHAPES",
            "color_fgcolor": "#FFF1749D",
            "color_color": "GRADIENT",
            "color_tcolor": "#FFC25373",
            "color_bgcolor": "#FF000000",
            "style_shape": "RECT",
            "style_width": 55.0,
            "style_size": 460.0,
            "style_height": 13.0,
            "position_padding_left": 550.0,
            "position_padding_top": 25.0,
            "internal_toggles": {
              "color_fgcolor": 100,
              "color_bgcolor": 100,
              "color_tcolor": 100
            },
            "internal_globals": {
              "color_fgcolor": "colour 2",
              "color_bgcolor": "colour 1",
              "color_tcolor": "colour 3"
            }
          },
          {
            "internal_type": "TextModule",
            "text_width": 220.0,
            "text_family": "kfile://org.kustom.provider/fonts/Cheeky Rabbit.ttf",
            "text_expression": "$mi(state)$",
            "paint_color": "#FFF1749D",
            "position_padding_left": 1102.0,
            "position_padding_top": 25.0
          }
        ]
      },
      {
        "internal_type": "OverlapLayerModule",
        "position_offset_x": -260.0,
        "position_offset_y": 260.0,
        "internal_events": [
          {
            "type": "SINGLE_TAP",
            "action": "MUSIC"
          }
        ],
        "internal_toggles": {
          "config_visible": 10
        },
        "internal_formulas": {
          "config_visible": "$if(mi(state)!=PLAYING,never,always)$"
        },
        "viewgroup_items": [
          {
            "internal_toggles": {
              "paint_color": 100,
              "fx_gradient_bitmap": 0,
              "fx_gradient_color": 100
            },
            "internal_formulas": {
              "fx_gradient_bitmap": "$mi(cover)$"
            },
            "internal_type": "FontIconModule",
            "icon_set": "kfile://org.kustom.provider/icons/fontawesome.ttf",
            "icon_icon": "heart",
            "icon_size": 150.0,
            "position_offset_x": -240.0,
            "internal_globals": {
              "paint_color": "colour 2",
              "fx_gradient_color": "colour 3"
            },
            "paint_color": "#FF000000",
            "fx_shadow_color": "#FF9FC3FF",
            "fx_shadow_distance": 4.0,
            "fx_gradient_color": "#FFC25373",
            "fx_gradient": "RADIAL"
          },
          {
            "internal_toggles": {
              "paint_color": 100,
              "fx_gradient_bitmap": 10
            },
            "internal_formulas": {
              "fx_gradient_bitmap": "$mi(cover)$"
            },
            "internal_type": "FontIconModule",
            "icon_set": "kfile://org.kustom.provider/icons/fontawesome.ttf",
            "icon_icon": "heart",
            "icon_size": 145.0,
            "fx_gradient": "BITMAP",
            "position_offset_x": -240.0
          }
        ]
      },
      {
        "internal_type": "StackLayerModule",
        "config_stacking": "HORIZONTAL_CENTER",
        "config_margin": -5.0,
        "config_scale_value": 75.0,
        "position_offset_y": -160.0,
        "viewgroup_items": [
          {
            "internal_type": "OverlapLayerModule",
            "viewgroup_items": [
              {
                "internal_type": "TextModule",
                "text_size": 30.0,
                "text_family": "kfile://org.kustom.provider/fonts/Lovebeat.otf",
                "text_expression": "$df(dd)$",
                "position_padding_top": 5.0,
                "internal_toggles": {
                  "paint_color": 100,
                  "fx_gradient_color": 100
                },
                "internal_globals": {
                  "paint_color": "colour 2",
                  "fx_gradient_color": "colour 3"
                },
                "fx_gradient": "VERTICAL"
              },
              {
                "internal_type": "ShapeModule",
                "shape_type": "CIRCLE",
                "position_padding_left": 150.0,
                "internal_toggles": {
                  "paint_color": 100
                },
                "internal_globals": {
                  "paint_color": "colour 1"
                }
              },
              {
                "internal_toggles": {
                  "paint_color": 100,
                  "fx_gradient_color": 100
                },
                "internal_globals": {
                  "paint_color": "colour 2",
                  "fx_gradient_color": "colour 3"
                },
                "internal_type": "FontIconModule",
                "icon_set": "kfile://org.kustom.provider/icons/fontawesome.ttf",
                "icon_icon": "heart",
                "icon_size": 88.0,
                "paint_stroke": 5,
                "paint_style": "STROKE",
                "fx_gradient": "RADIAL"
              }
            ]
          },
          {
            "internal_type": "OverlapLayerModule",
            "viewgroup_items": [
              {
                "internal_type": "TextModule",
                "text_size": 30.0,
                "text_expression": "$df(MM)$",
                "text_family": "kfile://org.kustom.provider/fonts/Lovebeat.otf",
                "position_padding_top": 5.0,
                "internal_toggles": {
                  "paint_color": 100,
                  "fx_gradient_color": 100
                },
                "internal_globals": {
                  "paint_color": "colour 2",
                  "fx_gradient_color": "colour 3"
                },
                "fx_gradient": "VERTICAL"
              },
              {
                "internal_type": "ShapeModule",
                "shape_type": "CIRCLE",
                "position_padding_left": 150.0,
                "internal_toggles": {
                  "paint_color": 100
                },
                "internal_globals": {
                  "paint_color": "colour 1"
                }
              },
              {
                "internal_type": "FontIconModule",
                "icon_set": "kfile://org.kustom.provider/icons/fontawesome.ttf",
                "icon_icon": "heart",
                "icon_size": 88.0,
                "paint_stroke": 5,
                "paint_style": "STROKE",
                "internal_toggles": {
                  "paint_color": 100,
                  "fx_gradient_color": 100
                },
                "internal_globals": {
                  "paint_color": "colour 2",
                  "fx_gradient_color": "colour 3"
                },
                "fx_gradient": "VERTICAL"
              }
            ]
          },
          {
            "internal_type": "OverlapLayerModule",
            "position_padding_left": 25.0,
            "viewgroup_items": [
              {
                "internal_type": "TextModule",
                "text_size": 30.0,
                "text_expression": "$df(yy)$",
                "text_family": "kfile://org.kustom.provider/fonts/Lovebeat.otf",
                "position_padding_top": 5.0,
                "internal_toggles": {
                  "paint_color": 100,
                  "fx_gradient_color": 100
                },
                "internal_globals": {
                  "paint_color": "colour 2",
                  "fx_gradient_color": "colour 3"
                },
                "fx_gradient": "VERTICAL"
              },
              {
                "internal_type": "FontIconModule",
                "icon_set": "kfile://org.kustom.provider/icons/fontawesome.ttf",
                "icon_icon": "heart",
                "icon_size": 88.0,
                "paint_stroke": 5,
                "paint_style": "STROKE",
                "internal_toggles": {
                  "paint_color": 100,
                  "fx_gradient_color": 100
                },
                "internal_globals": {
                  "paint_color": "colour 2",
                  "fx_gradient_color": "colour 3"
                },
                "fx_gradient": "RADIAL"
              }
            ]
          }
        ]
      },
      {
        "internal_type": "OverlapLayerModule",
        "position_offset_x": -20.0,
        "position_offset_y": 160.0,
        "viewgroup_items": [
          {
            "internal_type": "StackLayerModule",
            "config_stacking": "HORIZONTAL_CENTER",
            "config_margin": -45.0,
            "position_padding_left": 50.0,
            "viewgroup_items": [
              {
                "internal_toggles": {
                  "paint_color": 100,
                  "fx_gradient_color": 100
                },
                "internal_globals": {
                  "paint_color": "colour 2",
                  "fx_gradient_color": "colour 3"
                },
                "internal_type": "FontIconModule",
                "icon_set": "kfile://org.kustom.provider/icons/material.ttf",
                "icon_icon": "music_note",
                "icon_size": 40.0,
                "fx_gradient": "VERTICAL"
              },
              {
                "internal_type": "TextModule",
                "text_expression": "MUSIC",
                "position_padding_left": 50.0,
                "internal_toggles": {
                  "paint_color": 100
                },
                "internal_globals": {
                  "paint_color": "colour 1"
                },
                "text_size": 21.0,
                "text_family": "kfile://org.kustom.provider/fonts/Lovebeat.otf",
                "position_padding_top": 9.0
              }
            ]
          },
          {
            "internal_type": "StackLayerModule",
            "config_stacking": "VERTICAL_CENTER",
            "config_margin": 8.0,
            "position_padding_left": 75.0,
            "position_padding_top": 125.0,
            "viewgroup_items": [
              {
                "internal_type": "TextModule",
                "text_expression": "$mi(title)$",
                "internal_toggles": {
                  "paint_color": 100
                },
                "internal_globals": {
                  "paint_color": "colour 1"
                },
                "text_size": 21.0,
                "text_width": 360.0,
                "text_family": "kfile://org.kustom.provider/fonts/Cheeky Rabbit.ttf",
                "text_lines": 1.0,
                "text_align": "CENTER",
                "text_size_type": "FIXED_WIDTH"
              },
              {
                "internal_type": "TextModule",
                "text_expression": "$mi(artist)$",
                "internal_toggles": {
                  "paint_color": 100
                },
                "internal_globals": {
                  "paint_color": "colour 1"
                },
                "text_width": 360.0,
                "text_family": "kfile://org.kustom.provider/fonts/Cheeky Rabbit.ttf",
                "text_lines": 1.0,
                "text_align": "CENTER",
                "text_size_type": "FIXED_WIDTH"
              }
            ]
          }
        ]
      },
      {
        "internal_type": "OverlapLayerModule",
        "position_offset_x": 20.0,
        "position_offset_y": 60.0,
        "viewgroup_items": [
          {
            "internal_toggles": {
              "paint_color": 100
            },
            "internal_globals": {
              "paint_color": "colour 1"
            },
            "internal_type": "TextModule",
            "text_size_type": "FIXED_WIDTH",
            "text_width": 580.0,
            "text_family": "kfile://org.kustom.provider/fonts/CutiveMono.ttf",
            "text_expression": "Current weather in location is $wi(cond)$ outside with temperature $wi(temp)$°$wi(tempu)$ wind speed $wi(wspeed)$ $li(spdu)$ & humidity $wi(hum)$%",
            "position_padding_top": 25.0,
            "text_size": 25.0,
            "text_lines": 3.0,
            "text_align": "CENTER"
          },
          {
            "internal_type": "StackLayerModule",
            "config_stacking": "HORIZONTAL_CENTER",
            "config_margin": -45.0,
            "position_padding_bottom": 150.0,
            "position_padding_right": 25.0,
            "viewgroup_items": [
              {
                "internal_toggles": {
                  "paint_color": 100,
                  "fx_gradient_color": 100
                },
                "internal_globals": {
                  "paint_color": "colour 2",
                  "fx_gradient_color": "colour 3"
                },
                "internal_type": "FontIconModule",
                "icon_set": "kfile://org.kustom.provider/icons/material.ttf",
                "icon_icon": "cloud",
                "icon_size": 40.0,
                "fx_gradient": "VERTICAL"
              },
              {
                "internal_type": "TextModule",
                "text_expression": "WEATHER",
                "position_padding_left": 50.0,
                "internal_toggles": {
                  "paint_color": 100
                },
                "internal_globals": {
                  "paint_color": "colour 1"
                },
                "text_size": 21.0,
                "text_family": "kfile://org.kustom.provider/fonts/Lovebeat.otf",
                "position_padding_top": 9.0
              }
            ]
          }
        ]
      },
      {
        "internal_type": "OverlapLayerModule",
        "position_offset_x": -260.0,
        "internal_events": [
          {
            "type": "SINGLE_TAP",
            "action": "MUSIC",
            "intent": "intent:#Intent;action=com.teslacoilsw.launcher.ACTION;launchFlags=0x10000000;component=com.teslacoilsw.launcher/.NovaShortcutHandler;S.LAUNCHER_ACTION=APP_DRAWER;S.org.kustom.intent.label=Nova%20action;end"
          }
        ],
        "internal_toggles": {
          "config_visible": 10
        },
        "internal_formulas": {
          "config_visible": "$if(mi(state)!=PLAYING,always,remove)$"
        },
        "config_scale_value": 75.0,
        "position_offset_y": 260.0,
        "viewgroup_items": [
          {
            "internal_toggles": {
              "fx_gradient_bitmap": 0,
              "paint_color": 100,
              "fx_gradient_color": 100
            },
            "internal_formulas": {
              "fx_gradient_bitmap": "$mi(cover)$"
            },
            "internal_type": "ShapeModule",
            "shape_width": 155.0,
            "position_offset_x": 240.0,
            "shape_corners": 7.0,
            "internal_globals": {
              "paint_color": "colour 2",
              "fx_gradient_color": "colour 3"
            },
            "fx_gradient_color": "#FFFF9191",
            "fx_gradient": "VERTICAL"
          },
          {
            "internal_toggles": {
              "fx_gradient_bitmap": 100
            },
            "internal_formulas": {
              "fx_gradient_bitmap": "$mi(cover)$"
            },
            "internal_type": "ShapeModule",
            "shape_width": 140.0,
            "fx_gradient": "BITMAP",
            "position_offset_x": 240.0,
            "internal_globals": {
              "fx_gradient_bitmap": "pic"
            },
            "fx_gradient_bitmap": "kfile://org.kustom.provider/bitmaps/IMG61ede3a50772e814d1a8213d7cdfd6f7"
          }
        ]
      },
      {
        "internal_type": "OverlapLayerModule",
        "config_scale_value": 160.0,
        "position_offset_x": 20.0,
        "position_offset_y": -80.0,
        "viewgroup_items": [
          {
            "internal_type": "TextModule",
            "text_size": 25.0,
            "text_filter": [
              "UP"
            ],
            "text_family": "kfile://org.kustom.provider/fonts/Lovebeat.otf",
            "text_expression": "Have a Nice $df(EEEE)$!",
            "text_align": "CENTER",
            "position_offset_x": -100.0,
            "internal_toggles": {
              "paint_color": 100,
              "fx_gradient_color": 100
            },
            "internal_globals": {
              "paint_color": "colour 2",
              "fx_gradient_color": "colour 3"
            },
            "fx_gradient": "VERTICAL"
          }
        ]
      }
    ]
  }
}