{
  "preset_info": {
    "archive": "",
    "author": "Yeswanth S",
    "description": "",
    "email": "yeswanthshanmugam@gmail.com",
    "features": "MUSIC",
    "pflags": 0,
    "hash": null,
    "height": 458,
    "id": "601969d0-087c-4187-837f-72799e67d686",
    "locked": false,
    "release": 378512316,
    "ts": 1747414987350,
    "title": "Welcome ",
    "version": 13,
    "width": 588,
    "xscreens": 0,
    "yscreens": 0
  },
  "preset_root": {
    "internal_type": "RootLayerModule",
    "globals_list": {
      "img left": {
        "index": 5,
        "type": "BITMAP",
        "title": "Img left",
        "value": "kfile://org.kustom.provider/bitmaps/IMGe6bd65104290c0779c6d897b350a198"
      },
      "img rt": {
        "index": 6,
        "type": "BITMAP",
        "title": "Img rt",
        "value": "kfile://org.kustom.provider/bitmaps/IMG6bbf5cbebaf359aec3411b17aa9be6ff"
      },
      "name": {
        "index": 1,
        "type": "TEXT",
        "title": "name",
        "value": "Yeswanth"
      },
      "bg color": {
        "index": 7,
        "type": "COLOR",
        "title": "Bg Color",
        "value": "#FF000000"
      },
      "base": {
        "index": 8,
        "type": "COLOR",
        "title": "Base",
        "value": "#FFFFFFFF"
      },
      "grad 1": {
        "index": 9,
        "type": "COLOR",
        "title": "Grad 1",
        "value": "#FFEC407A"
      },
      "grad 2": {
        "index": 10,
        "type": "COLOR",
        "title": "Grad 2",
        "value": "#FFEC407A"
      }
    },
    "internal_toggles": {
      "background_color": 0
    },
    "internal_globals": {
      "background_color": "bg color"
    },
    "internal_events": [
      {
        "type": "SINGLE_TAP",
        "action": "KUSTOM_ACTION"
      }
    ],
    "viewgroup_items": [
      {
        "internal_type": "OverlapLayerModule",
        "position_offset_x": -80.0,
        "internal_title": "Welcome Message",
        "position_offset_y": -40.0,
        "viewgroup_items": [
          {
            "internal_type": "StackLayerModule",
            "config_margin": 20.0,
            "position_anchor": "TOP",
            "viewgroup_items": [
              {
                "internal_type": "TextModule",
                "text_expression": "Hi , $gv(name)$ !",
                "text_family": "kfile://org.kustom.provider/fonts/SphereSans.otf",
                "internal_toggles": {
                  "paint_color": 100
                },
                "internal_globals": {
                  "paint_color": "base"
                }
              },
              {
                "internal_type": "TextModule",
                "text_expression": "// Today is $df(EEEE)$",
                "text_family": "kfile://org.kustom.provider/fonts/SphereSans.otf",
                "internal_toggles": {
                  "paint_color": 100
                },
                "internal_globals": {
                  "paint_color": "base"
                }
              },
              {
                "internal_type": "TextModule",
                "text_expression": "// $df(d MMM yyyy)$",
                "text_family": "kfile://org.kustom.provider/fonts/SphereSans.otf",
                "internal_toggles": {
                  "paint_color": 100
                },
                "internal_globals": {
                  "paint_color": "base"
                }
              }
            ]
          }
        ]
      },
      {
        "internal_type": "OverlapLayerModule",
        "internal_toggles": {
          "0": 0
        },
        "position_padding_left": 40.0,
        "position_offset_x": -20.0,
        "internal_title": "Search",
        "config_scale_value": 70.0,
        "position_offset_y": 60.0,
        "internal_events": [
          {
            "type": "SINGLE_TAP",
            "action": "LAUNCH_ACTIVITY",
            "intent": "intent:#Intent;component=com.google.android.googlequicksearchbox/.SearchActivity;S.org.kustom.intent.label=Google;end"
          }
        ],
        "viewgroup_items": [
          {
            "internal_type": "ShapeModule",
            "shape_type": "RECT",
            "shape_width": 500.0,
            "shape_height": 60.0,
            "shape_corners": 360,
            "fx_shadow_direction": 0,
            "fx_shadow_distance": 0,
            "fx_gradient_bitmap": "kfile://org.kustom.provider/bitmapsIMG7acc7d17e5e92205c91658b39ce63121",
            "fx_shadow_blur": 40.0,
            "fx_shadow_color": "#FFFCFEFF",
            "internal_toggles": {
              "paint_color": 100
            },
            "internal_globals": {
              "paint_color": "base"
            },
            "paint_style": "STROKE",
            "paint_stroke": 2.0
          },
          {
            "internal_type": "StackLayerModule",
            "config_stacking": "HORIZONTAL_CENTER",
            "position_offset_x": 8.0,
            "viewgroup_items": [
              {
                "internal_type": "FontIconModule",
                "icon_set": "kfile://org.kustom.provider/icons/fontawesome.ttf",
                "icon_icon": "heart",
                "icon_size": 38.0,
                "paint_color": "#FFFF7AC1",
                "fx_gradient_color": "#FFFFC2E3",
                "fx_gradient": "VERTICAL",
                "internal_toggles": {
                  "paint_color": 100,
                  "fx_gradient_color": 100
                },
                "internal_globals": {
                  "paint_color": "grad 1",
                  "fx_gradient_color": "grad 2"
                }
              },
              {
                "internal_type": "OverlapLayerModule",
                "viewgroup_items": [
                  {
                    "internal_type": "OverlapLayerModule",
                    "internal_toggles": {
                      "config_visible": 10
                    },
                    "internal_formulas": {
                      "config_visible": "$if(mi(state) = stopped, remove , always)$"
                    },
                    "viewgroup_items": [
                      {
                        "internal_type": "CurvedTextModule",
                        "internal_toggles": {
                          "paint_color": 100
                        },
                        "internal_globals": {
                          "paint_color": "base"
                        },
                        "position_padding_right": 200.0,
                        "text_expression": "Music",
                        "text_size": 14.0,
                        "text_spacing": 8.0,
                        "text_filter": [
                          "UP"
                        ],
                        "text_family": "kfile://org.kustom.provider/fonts/SphereSans.otf",
                        "position_padding_left": 25.0
                      }
                    ]
                  },
                  {
                    "internal_type": "OverlapLayerModule",
                    "internal_toggles": {
                      "config_visible": 10
                    },
                    "internal_formulas": {
                      "config_visible": "$if(mi(state) = stopped, always , never)$"
                    },
                    "viewgroup_items": [
                      {
                        "internal_type": "CurvedTextModule",
                        "internal_toggles": {
                          "paint_color": 100
                        },
                        "internal_globals": {
                          "paint_color": "base"
                        },
                        "position_padding_right": 200.0,
                        "text_expression": "Fav Apps",
                        "text_size": 12.0,
                        "text_spacing": 10.0,
                        "text_filter": [
                          "UP"
                        ],
                        "text_family": "kfile://org.kustom.provider/fonts/SphereSans.otf",
                        "position_padding_left": 25.0
                      }
                    ]
                  }
                ]
              },
              {
                "internal_type": "StackLayerModule",
                "config_stacking": "HORIZONTAL_CENTER",
                "config_margin": 10.0,
                "internal_events": [
                  {
                    "type": "SINGLE_TAP",
                    "action": "MUSIC"
                  }
                ],
                "viewgroup_items": [
                  {
                    "internal_type": "FontIconModule",
                    "icon_set": "kfile://org.kustom.provider/icons/fontawesome.ttf",
                    "icon_icon": "music",
                    "icon_size": 30.0,
                    "paint_color": "#FFFF7AC1",
                    "fx_gradient_color": "#FFFFC2E3",
                    "fx_gradient": "VERTICAL",
                    "internal_toggles": {
                      "paint_color": 100,
                      "fx_gradient_color": 100
                    },
                    "internal_globals": {
                      "paint_color": "grad 1",
                      "fx_gradient_color": "grad 2"
                    }
                  },
                  {
                    "internal_type": "OverlapLayerModule",
                    "internal_toggles": {
                      "config_visible": 0
                    },
                    "internal_events": [
                      {
                        "type": "SINGLE_TAP",
                        "action": "MUSIC"
                      }
                    ],
                    "viewgroup_items": [
                      {
                        "internal_type": "OverlapLayerModule",
                        "internal_title": "Toggle on",
                        "internal_toggles": {
                          "config_visible": 10
                        },
                        "internal_formulas": {
                          "config_visible": "$if(mi(state) = playing , always , never)$"
                        },
                        "config_visible": "NEVER",
                        "internal_events": [
                          {
                            "type": "SINGLE_TAP",
                            "action": "TRIGGER_FLOW"
                          }
                        ],
                        "viewgroup_items": [
                          {
                            "internal_type": "ShapeModule",
                            "shape_type": "RECT",
                            "shape_width": 35.0,
                            "shape_height": 15.0,
                            "shape_corners": 360,
                            "paint_style": "STROKE",
                            "paint_stroke": 3.0,
                            "internal_toggles": {
                              "paint_color": 100
                            },
                            "internal_globals": {
                              "paint_color": "base"
                            }
                          },
                          {
                            "internal_type": "ShapeModule",
                            "shape_type": "CIRCLE",
                            "shape_width": 10.0,
                            "position_padding_left": 18.0,
                            "internal_toggles": {
                              "paint_color": 100,
                              "fx_gradient_color": 0
                            },
                            "internal_globals": {
                              "paint_color": "base",
                              "fx_gradient_color": "grad 2"
                            }
                          }
                        ]
                      },
                      {
                        "internal_type": "OverlapLayerModule",
                        "internal_title": "Toggle off",
                        "internal_toggles": {
                          "config_visible": 10
                        },
                        "internal_formulas": {
                          "config_visible": "$if(mi(state) = playing , remove , always)$"
                        },
                        "viewgroup_items": [
                          {
                            "internal_type": "ShapeModule",
                            "shape_type": "RECT",
                            "shape_width": 35.0,
                            "shape_height": 15.0,
                            "shape_corners": 360,
                            "paint_style": "STROKE",
                            "paint_stroke": 3.0,
                            "internal_toggles": {
                              "paint_color": 100
                            },
                            "internal_globals": {
                              "paint_color": "base"
                            }
                          },
                          {
                            "internal_type": "ShapeModule",
                            "shape_type": "CIRCLE",
                            "shape_width": 10.0,
                            "position_padding_left": 5.0,
                            "internal_toggles": {
                              "paint_color": 100
                            },
                            "internal_globals": {
                              "paint_color": "base"
                            },
                            "position_anchor": "CENTERLEFT"
                          }
                        ]
                      }
                    ]
                  }
                ]
              }
            ]
          }
        ]
      }
    ]
  }
}