{
  "preset_info": {
    "archive": "",
    "author": "Yeswanth S",
    "description": "",
    "email": "yeswanthshanmugam@gmail.com",
    "features": "LOCATION WEATHER",
    "pflags": 0,
    "hash": null,
    "height": 758,
    "id": "996591b3-243c-4c04-a50a-d58f2feb979d",
    "locked": false,
    "release": 378512316,
    "ts": 1747674455234,
    "title": "Goku w1",
    "version": 13,
    "width": 1038,
    "xscreens": 0,
    "yscreens": 0
  },
  "preset_root": {
    "internal_type": "RootLayerModule",
    "globals_list": {
      "fonts": {
        "index": 2,
        "type": "COLOR",
        "title": "fonts",
        "description": "",
        "global_formula": "",
        "value": "#FFFFFFFF"
      },
      "accent ": {
        "index": 3,
        "type": "COLOR",
        "title": "Accent ",
        "description": "",
        "global_formula": "",
        "value": "#FF888888"
      },
      "gradient": {
        "index": 6,
        "type": "COLOR",
        "title": "Gradient",
        "description": "",
        "global_formula": "",
        "value": "#FFA8A8A8"
      }
    },
    "internal_toggles": {
      "config_scale_value": 10
    },
    "internal_formulas": {
      "config_scale_value": "100"
    },
    "config_scale_value": 99.80769,
    "internal_events": [
      {
        "type": "SINGLE_TAP",
        "action": "KUSTOM_ACTION"
      }
    ],
    "viewgroup_items": [
      {
        "internal_type": "OverlapLayerModule",
        "position_offset_y": 40.0,
        "viewgroup_items": [
          {
            "internal_toggles": {
              "paint_color": 100
            },
            "internal_globals": {
              "paint_color": "font1"
            },
            "internal_type": "TextModule",
            "text_size_type": "FIXED_WIDTH",
            "text_width": 400.0,
            "text_family": "kfile://org.kustom.provider/fonts/PoiretOne-Regular.ttf",
            "text_expression": "Current weather in location is $wi(cond)$ outside with temperature $wi(temp)$°$wi(tempu)$ wind speed $wi(wspeed)$ $li(spdu)$ & humidity $wi(hum)$%",
            "position_padding_top": 25.0
          },
          {
            "internal_type": "KomponentModule",
            "globals_list": {
              "icon": {
                "index": 1,
                "type": "LIST",
                "title": "Icon",
                "entries": "\"$wi(icon)$\"##Current,\"$wf(icon, 0)$\"##Today Forecast,\"$wf(icon, 1)$\"##Tomorrow Forecast,\"$wf(icon, 2)$\"##2 Days Forecast,\"$wf(icon, 3)$\"##3 Days Forecast,\"$wf(icon, 4)$\"##4 Days Forecast,\"$wf(icon, 5)$\"##5 Days Forecast,\"$wf(icon, 6)$\"##6 Days Forecast,\"$wf(icon, 7)$\"##7 Days Forecast,\"$wf(icon, 8)$\"##8 Days Forecast,\"$wf(icon, 9)$\"##9 Days Forecast",
                "value": "$wi(icon)$"
              },
              "nightico": {
                "index": 2,
                "type": "SWITCH",
                "title": "NightIco",
                "value": 1
              },
              "color": {
                "index": 3,
                "type": "COLOR",
                "title": "Color",
                "value": "#FFFFFFFF",
                "toggles": 100,
                "global": "accent "
              },
              "size": {
                "index": 4,
                "type": "NUMBER",
                "title": "Size",
                "min": 10,
                "max": 720,
                "value": 70.0
              }
            },
            "internal_title": "FontWeather",
            "internal_locked": "true",
            "position_padding_right": 525.0,
            "viewgroup_items": [
              {
                "internal_type": "FontIconModule",
                "internal_toggles": {
                  "icon_icon": 10,
                  "paint_color": 100,
                  "icon_size": 100
                },
                "internal_formulas": {
                  "icon_icon": "$if(gv(icon) = CLEAR, if(ai(isday) | gv(nightico) = 0, Sun, Moon))$$if(gv(icon) = MCLOUDY, Cloudy2)$$if(gv(icon) = PCLOUDY, if(ai(isday) | gv(nightico) = 0, Cloudy, Cloud))$$if(gv(icon) = WINDY, Wind)$$if(gv(icon) = FOG, if(ai(isday) | gv(nightico) = 0, Fogday, Fognight))$$if(gv(icon) = HAIL, Hail)$$if(gv(icon) = SNOW, Snowy3)$$if(gv(icon) = LSNOW, Snowy)$$if(gv(icon) = SLEET, Haze)$$if(gv(icon) = RAIN, Rainy)$$if(gv(icon) = SHOWER, Rainy2)$$if(gv(icon) = TSHOWER, Lightning2)$$if(gv(icon) = TSTORM, Lightning3)$$if(gv(icon) = TORNADO, Tornado)$$if(gv(icon) = UNKNOWN, None)$"
                },
                "icon_set": "kfile://org.kustom.provider/icons/meteo.ttf",
                "icon_icon": "rainy2",
                "internal_globals": {
                  "paint_color": "color",
                  "icon_size": "size"
                }
              }
            ]
          }
        ]
      },
      {
        "internal_type": "OverlapLayerModule",
        "position_offset_x": -100.0,
        "position_offset_y": 140.0,
        "internal_events": [
          {
            "type": "SINGLE_TAP",
            "action": "LAUNCH_SHORTCUT",
            "intent": "intent:#Intent;action=com.teslacoilsw.launcher.ACTION;launchFlags=0x10000000;component=com.teslacoilsw.launcher/.NovaShortcutHandler;S.LAUNCHER_ACTION=TEXT_SEARCH;S.org.kustom.intent.label=Nova%20action;end"
          }
        ],
        "viewgroup_items": [
          {
            "internal_type": "ShapeModule",
            "shape_type": "RECT",
            "shape_width": 390.0,
            "shape_height": 60.0,
            "shape_corners": 360,
            "paint_style": "STROKE",
            "position_offset_x": -100.0,
            "paint_stroke": 3.0
          },
          {
            "internal_type": "TextModule",
            "text_size": 18.0,
            "text_filter": [
              "CAP"
            ],
            "text_family": "kfile://org.kustom.provider/fonts/Metropolis-Light.otf",
            "text_expression": "search...",
            "position_padding_left": 250.0
          },
          {
            "internal_type": "BitmapModule",
            "bitmap_width": 50.0,
            "bitmap_bitmap": "kfile://org.kustom.provider/bitmaps/IMGa617c497ab8851bd927337efaebd921",
            "position_padding_right": 300.0
          }
        ]
      },
      {
        "internal_type": "OverlapLayerModule",
        "config_scale_value": 50.0,
        "position_offset_x": -180.0,
        "position_offset_y": 20.0,
        "viewgroup_items": [
          {
            "internal_type": "StackLayerModule",
            "position_anchor": "CENTERLEFT",
            "position_padding_bottom": 575.0,
            "position_padding_top": 100.0,
            "viewgroup_items": [
              {
                "internal_type": "OverlapLayerModule",
                "position_padding_bottom": 75.0,
                "viewgroup_items": [
                  {
                    "internal_type": "OverlapLayerModule",
                    "position_padding_bottom": 85.0,
                    "viewgroup_items": [
                      {
                        "internal_type": "ShapeModule",
                        "internal_toggles": {
                          "paint_color": 100,
                          "fx_gradient_color": 100
                        },
                        "internal_globals": {
                          "paint_color": "accent ",
                          "fx_gradient_color": "gradient"
                        },
                        "position_padding_right": 150.0,
                        "shape_type": "RECT",
                        "shape_width": 340.0,
                        "shape_height": 240.0,
                        "paint_style": "STROKE",
                        "paint_stroke": 30.0,
                        "fx_gradient": "VERTICAL"
                      },
                      {
                        "internal_type": "ShapeModule",
                        "position_padding_right": 125.0,
                        "position_padding_top": 50.0,
                        "shape_type": "RECT",
                        "shape_width": 360.0,
                        "shape_height": 260.0,
                        "paint_mode": "CLEAR",
                        "position_padding_left": 25.0
                      }
                    ]
                  },
                  {
                    "internal_type": "StackLayerModule",
                    "position_padding_left": 100.0,
                    "position_padding_top": 150.0,
                    "viewgroup_items": [
                      {
                        "internal_type": "StackLayerModule",
                        "config_stacking": "HORIZONTAL_CENTER",
                        "viewgroup_items": [
                          {
                            "internal_type": "TextModule",
                            "text_expression": "$df(h:mm)$",
                            "text_size": 120.0,
                            "text_family": "kfile://org.kustom.provider/fonts/Quantum 400.otf",
                            "internal_toggles": {
                              "paint_color": 100
                            },
                            "internal_globals": {
                              "paint_color": "coltext"
                            }
                          },
                          {
                            "internal_type": "TextModule",
                            "text_expression": "$df(a)$",
                            "text_size": 120.0,
                            "text_family": "kfile://org.kustom.provider/fonts/Quantum 400.otf",
                            "internal_toggles": {
                              "paint_color": 100
                            },
                            "internal_globals": {
                              "paint_color": "accent "
                            },
                            "internal_formulas": {
                              "paint_color": "$ce(gv(coltext),alpha,40)$"
                            },
                            "position_padding_left": 25.0
                          }
                        ]
                      },
                      {
                        "internal_type": "TextModule",
                        "internal_toggles": {
                          "paint_color": 100
                        },
                        "internal_globals": {
                          "paint_color": "coltext"
                        },
                        "text_expression": "$df(EEEE)$, $df(dd)$ $df(MMMM)$",
                        "text_size": 35.0,
                        "text_family": "kfile://org.kustom.provider/fonts/GlacialIndifference-Regular.otf"
                      }
                    ]
                  }
                ]
              }
            ]
          }
        ]
      }
    ]
  }
}