{
  "preset_info": {
    "archive": "",
    "author": "Yeswanth S ",
    "description": "",
    "email": "yeswanthshanmugam@gmail.com",
    "features": "",
    "pflags": 0,
    "hash": null,
    "height": 460,
    "id": "49018f40-dc4f-4afc-94d7-f1b355f5f94c",
    "locked": false,
    "release": 378512316,
    "ts": 1748420389487,
    "title": "Cyber w1",
    "version": 13,
    "width": 1040,
    "xscreens": 0,
    "yscreens": 0
  },
  "preset_root": {
    "internal_type": "RootLayerModule",
    "globals_list": {
      "c1": {
        "index": 1,
        "type": "COLOR",
        "title": "C1",
        "value": "#FFFCF632"
      },
      "c2": {
        "index": 2,
        "type": "COLOR",
        "title": "C2",
        "value": "#FFF0EFFF"
      },
      "bg": {
        "index": 3,
        "type": "COLOR",
        "title": "Bg",
        "value": "#FF000000"
      }
    },
    "internal_events": [
      {
        "type": "SINGLE_TAP",
        "action": "KUSTOM_ACTION"
      }
    ],
    "viewgroup_items": [
      {
        "internal_type": "OverlapLayerModule",
        "viewgroup_items": [
          {
            "internal_type": "ShapeModule",
            "shape_type": "PATH",
            "shape_width": 600.0,
            "shape_height": 600.0,
            "shape_path": "M 20 10 L 380 10 L 390 20 L 390 130 L 380 140 L 20 140 L 10 130 L 10 20 Z",
            "paint_style": "STROKE",
            "paint_color": "#FF00CFDA",
            "paint_stroke": 3.0,
            "fx_gradient": "HORIZONTAL",
            "fx_gradient_color": "#FFFD47BC",
            "fx_gradient_width": 6.0,
            "fx_gradient_offset": 67,
            "position_padding_top": 350.0,
            "internal_toggles": {
              "paint_color": 100,
              "fx_gradient_color": 100
            },
            "internal_globals": {
              "paint_color": "c1",
              "fx_gradient_color": "c2"
            }
          },
          {
            "internal_type": "StackLayerModule",
            "config_margin": 5.0,
            "viewgroup_items": [
              {
                "internal_type": "OverlapLayerModule",
                "position_padding_top": 1.0,
                "viewgroup_items": [
                  {
                    "internal_type": "TextModule",
                    "text_family": "kfile://org.kustom.provider/fonts/Aldrich.ttf",
                    "text_size": 80.0,
                    "position_padding_right": 240.0,
                    "paint_color": "#FF00CFDA",
                    "fx_gradient": "RADIAL",
                    "fx_gradient_bitmap": "kfile://org.kustom.provider/bitmaps/IMG61bd7efa431b1b8c454d9b5bf6fb37",
                    "paint_style": "STROKE",
                    "paint_stroke": 2.0,
                    "position_padding_bottom": 5.0,
                    "internal_toggles": {
                      "paint_color": 100,
                      "fx_gradient_color": 100
                    },
                    "internal_globals": {
                      "paint_color": "c1",
                      "fx_gradient_color": "bg"
                    }
                  },
                  {
                    "internal_type": "TextModule",
                    "text_family": "kfile://org.kustom.provider/fonts/Aldrich.ttf",
                    "text_size": 80.0,
                    "position_padding_right": 250.0,
                    "paint_color": "#FF00CFDA",
                    "position_padding_left": 7.0,
                    "position_padding_bottom": 7.0,
                    "internal_toggles": {
                      "paint_color": 100
                    },
                    "internal_globals": {
                      "paint_color": "c1"
                    }
                  }
                ]
              },
              {
                "internal_type": "TextModule",
                "text_expression": "$df(EEE)$, $df(d MMM yy)$",
                "text_family": "kfile://org.kustom.provider/fonts/Aldrich.ttf",
                "text_size": 27.0,
                "position_padding_left": 16.0,
                "paint_color": "#FF00CFDA",
                "internal_toggles": {
                  "paint_color": 100
                },
                "internal_globals": {
                  "paint_color": "c1"
                }
              }
            ]
          },
          {
            "internal_type": "OverlapLayerModule",
            "position_padding_left": 300.0,
            "viewgroup_items": [
              {
                "internal_type": "TextModule",
                "text_expression": "BATTERY ",
                "text_family": "kfile://org.kustom.provider/fonts/Aldrich.ttf",
                "paint_color": "#FFFD47BC",
                "position_padding_left": 10.0,
                "position_padding_bottom": 90.0,
                "internal_toggles": {
                  "paint_color": 100
                },
                "internal_globals": {
                  "paint_color": "c2"
                }
              },
              {
                "internal_type": "OverlapLayerModule",
                "viewgroup_items": [
                  {
                    "internal_type": "TextModule",
                    "text_expression": "$bi(level)$%",
                    "text_family": "kfile://org.kustom.provider/fonts/Aldrich.ttf",
                    "text_size": 50.0,
                    "paint_color": "#FF00CFDA",
                    "fx_shadow_blur": 25,
                    "fx_shadow_direction": 1.0,
                    "fx_shadow_distance": 1.0,
                    "fx_shadow_color": "#FF00CFDA",
                    "position_padding_left": 27.0,
                    "fx_gradient": "RADIAL",
                    "internal_toggles": {
                      "paint_color": 100,
                      "fx_gradient_color": 100
                    },
                    "internal_globals": {
                      "paint_color": "c2",
                      "fx_gradient_color": "bg"
                    },
                    "position_padding_bottom": 2.0
                  },
                  {
                    "internal_type": "TextModule",
                    "text_expression": "$bi(level)$%",
                    "text_family": "kfile://org.kustom.provider/fonts/Aldrich.ttf",
                    "text_size": 50.0,
                    "paint_color": "#FF00CFDA",
                    "fx_shadow_blur": 25,
                    "fx_shadow_direction": 1.0,
                    "fx_shadow_distance": 1.0,
                    "fx_shadow_color": "#FF00CFDA",
                    "position_padding_bottom": 4.0,
                    "position_padding_left": 24.0,
                    "internal_toggles": {
                      "paint_color": 100
                    },
                    "internal_globals": {
                      "paint_color": "c2"
                    }
                  }
                ]
              },
              {
                "internal_type": "OverlapLayerModule",
                "position_padding_bottom": 15.0,
                "viewgroup_items": [
                  {
                    "internal_type": "OverlapLayerModule",
                    "viewgroup_items": [
                      {
                        "internal_type": "ShapeModule",
                        "shape_type": "PATH",
                        "shape_width": 155.0,
                        "shape_height": 226.0,
                        "shape_path": "M0 0 H400 L370 30 H0 Z",
                        "position_padding_left": 47.0,
                        "position_padding_top": 310.0,
                        "internal_toggles": {
                          "paint_color": 0
                        }
                      },
                      {
                        "internal_type": "ProgressModule",
                        "style_size": 155.0,
                        "color_fgcolor": "#FF00CFDA",
                        "color_bgcolor": "#FF000000",
                        "position_padding_left": 47.0,
                        "position_padding_top": 100.0,
                        "color_mode": "MULTIPLY",
                        "style_height": 19.0,
                        "internal_toggles": {
                          "color_fgcolor": 100,
                          "color_bgcolor": 100
                        },
                        "internal_globals": {
                          "color_fgcolor": "c2",
                          "color_bgcolor": "bg"
                        }
                      }
                    ]
                  },
                  {
                    "internal_type": "ShapeModule",
                    "shape_type": "PATH",
                    "shape_width": 160.0,
                    "shape_height": 280.0,
                    "shape_path": "M0 0 H400 V15 L380 30 H0 Z",
                    "paint_style": "STROKE",
                    "paint_color": "#FFFD47BC",
                    "paint_stroke": 2.0,
                    "position_padding_left": 47.0,
                    "position_padding_top": 359.0,
                    "internal_toggles": {
                      "paint_color": 100
                    },
                    "internal_globals": {
                      "paint_color": "c2"
                    }
                  }
                ]
              }
            ]
          }
        ]
      }
    ]
  }
}